productId,productName,keywords
104239,클래식 슬립온 - (체커보드) 블랙:화이트 / VN000EYEBWW1,"['클래식', '슬립온', '체커보드', '블랙', '화이트']"
241111,cotton fatigue pants regular fit beige,"['cotton', 'fatigue', 'pants', 'regular', 'fit', 'beige']"
260755,솔리스트 캐시미어 코트 BLACK,"['솔리스트', '캐시미어', '코트', 'BLACK']"
311052,척테일러 올스타 블랙 옥스 M9166C,"['척테일러', '올스타', '블랙', '옥스']"
345889,[2PACK] 더블코튼 무지반팔  2PACK KHST1011,"['더블코튼', '무지반팔']"
396185,selvedge denim pants deep indigo,"['selvedge', 'denim', 'pants', 'deep', 'indigo']"
404474,(Renew Ver.) 베이직 긴팔티셔츠 4종 ( 5Color ),"['베이직', '긴팔티셔츠', '4종']"
451851,남성 팀버랜드 6인치 프리미엄 부츠 / 10061-713,"['남성', '팀버랜드', '6인치', '프리미엄', '부츠']"
452483,솔리드 무톤 자켓,"['솔리드', '무톤', '자켓']"
490093,올드스쿨 - (껌)블랙:화이트 /  VN0001R1GI61,"['올드스쿨', '껌', '블랙', '화이트']"
606312,브이넥 라이트 다운 베스트 [블랙],"['브이넥', '라이트', '다운', '베스트', '블랙']"
655610,프리미어 퓨어 캐시미어 히든 싱글 코트 [BLACK],"['프리미어', '퓨어', '캐시미어', '히든', '싱글', '코트']"
655833,[코튼100]소프트 베이직 터틀넥 니트 9 COLOR COOSKT006,"['코튼100', '소프트', '베이직', '터틀넥', '니트', 'COLOR']"
656046,에센셜 다운 자켓 BLACK,"['에센셜', '다운', '자켓', 'BLACK']"
659554,[세트]  하프 폴라 니트 티셔츠,"['세트', '하프', '폴라', '니트', '티셔츠']"
668822,MTR 오버핏 더블 롱 코트 (블랙),"['MTR', '오버핏', '더블', '롱', '코트', '블랙']"
685185,뉴탐페레 첼시 부츠 R17M077 (블랙),"['뉴탐페레', '첼시', '부츠', '블랙']"
728000,베이식 옥스포드 셔츠 [화이트],"['베이식', '옥스포드', '셔츠', '화이트']"
732698,팬츠 Olive,"['팬츠', 'Olive']"
732699,루즈테이퍼드 팬츠 Black,"['루즈테이퍼드', '팬츠', 'Black']"
732703,루즈테이퍼드 팬츠 Olive,"['루즈테이퍼드', '팬츠', 'Olive']"
750908,[기모 or 논기모] 유니섹스 세미 와이드 밴딩 슬랙스,"['기모', 'or', '논기모', '유니섹스', '세미', '와이드', '밴딩', '슬랙스']"
810033,척 70 클래식 블랙 162050C,"['척', '클래식', '블랙']"
810034,척 70 클래식  블랙 162058C,"['척', '클래식', '블랙']"
816033,올드스쿨 플랫폼 - 블랙:화이트 / VN0A3B3UY281,"['올드스쿨', '플랫폼', '블랙', '화이트']"
843276,퍼펙트 터틀넥 니트 티셔츠 블랙,"['퍼펙트', '터틀넥', '니트', '티셔츠', '블랙']"
854337,릴렉스 핏 옥스포드 셔츠 [화이트],"['릴렉스', '핏', '옥스포드', '셔츠', '화이트']"
865862,캐시미어 블렌드 오버사이즈 싱글 코트 [블랙],"['캐시미어', '블렌드', '오버사이즈', '싱글', '코트', '블랙']"
876277,[블랙]B-스테디 하프 폴라넥-블랙,"['블랙', 'B', '스테디', '하프', '폴라넥', '블랙']"
876284,[블랙]SET B-스테디 하프 폴라넥,"['블랙', 'SET', 'B', '스테디', '하프', '폴라넥']"
885715,프리미어 퓨어 캐시미어 로브 더블 코트 [BLACK],"['프리미어', '퓨어', '캐시미어', '로브', '더블', '코트']"
910127,마스터 구스다운 핑거글러브  숏패딩 -블랙-,"['마스터', '구스다운', '핑거글러브', '숏패딩', '블랙']"
912314,다운 푸퍼 숏 패딩 재킷 [블랙],"['다운', '푸퍼', '숏', '패딩', '재킷', '블랙']"
920520,클럽 팀 풋볼 벤치 롱 패딩 2color,"['클럽', '팀', '풋볼', '벤치', '롱', '패딩']"
947067,스웨트셔츠 [블랙],"['스웨트셔츠', '블랙']"
947088,후디드 스웨트 집업 [멜란지 그레이],"['후디드', '스웨트', '집업', '멜란지', '그레이']"
957758,컴피쿠시 올드스쿨 - (클래식) 블랙:트루 화이트/VN0A3WMAVNE1,"['컴피쿠시', '올드스쿨', '클래식', '블랙', '트루']"
983339,베이식 드레스 셔츠 [화이트],"['베이식', '드레스', '셔츠', '화이트']"
994588,옵티멀 베이직 셔츠-화이트[린넨＆옥스포드 선택],"['옵티멀', '베이직', '셔츠', '화이트', '린넨', '옥스포드', '선택']"
996177,릴렉스 핏 크루 넥 반팔 티셔츠 [화이트],"['릴렉스', '핏', '크루', '넥', '반팔', '티셔츠', '화이트']"
999449,(Renew Ver.) 와이드 스웨트 조거 팬츠 ( 5Color ) ( 기모선택 ),"['와이드', '스웨트', '조거', '팬츠', '기모선택']"
1092992,OORIGINAL BLACK - 조리 블랙,"['OORIGINAL', 'BLACK', '조리', '블랙']"
1108007,베이식 블레이저 [블랙],"['베이식', '블레이저', '블랙']"
1114716,트랜스폼 라운드 넥 라이트 다운 재킷 [블랙],"['트랜스폼', '라운드', '넥', '라이트', '다운', '재킷', '블랙']"
1115290,와이드 치노 팬츠 [베이지],"['와이드', '치노', '팬츠', '베이지']"
1115974,캐시미어 더블 롱 코트 BLACK,"['캐시미어', '더블', '롱', '코트', 'BLACK']"
1128656,4.5cm 소가죽 코만도 첼시부츠 루틴(CR0011),"['소가죽', '코만도', '첼시부츠']"
1139101,화란 세미오버 니트 크림,"['화란', '세미오버', '니트', '크림']"
1139175,화란 세미오버 니트 블랙,"['화란', '세미오버', '니트', '블랙']"
1144989,베이식 긴팔 티셔츠 [화이트],"['베이식', '긴팔', '티셔츠', '화이트']"
1149328,테이퍼드 히든 밴딩 크롭 슬랙스 [블랙],"['테이퍼드', '히든', '밴딩', '크롭', '슬랙스', '블랙']"
1149329,세미 와이드 히든 밴딩 슬랙스 [블랙],"['세미', '와이드', '히든', '밴딩', '슬랙스', '블랙']"
1163169,삼바 OG - 화이트:블랙 / B75806,"['삼바', 'OG', '화이트', '블랙']"
1168906,와이드 히든 밴딩 슬랙스 [블랙],"['와이드', '히든', '밴딩', '슬랙스', '블랙']"
1168907,테이퍼드 히든 밴딩 10부 슬랙스 [블랙],"['테이퍼드', '히든', '밴딩', '10부', '슬랙스', '블랙']"
1168922,리얼 와이드 히든 밴딩 슬랙스 [블랙],"['리얼', '와이드', '히든', '밴딩', '슬랙스', '블랙']"
1176314,레귤러 핏 코듀로이 팬츠 [블랙],"['레귤러', '핏', '코듀로이', '팬츠', '블랙']"
1176326,와이드 코듀로이 팬츠 [블랙],"['와이드', '코듀로이', '팬츠', '블랙']"
1176329,와이드 코듀로이 팬츠 [크림],"['와이드', '코듀로이', '팬츠', '크림']"
1176331,와이드 코듀로이 팬츠 [브라운],"['와이드', '코듀로이', '팬츠', '브라운']"
1178135,삼바 OG - 블랙:화이트 / B75807,"['삼바', 'OG', '블랙', '화이트']"
1204448,3M 신슐레이트 M-65 피시테일 코트 패딩 카키,"['신슐레이트', '피시테일', '코트', '패딩', '카키']"
1208839,"[2PACK] 유니)C/P기모쭈리 - LOCATION 맨투맨(세미오버핏)(15COLOR)[LRAWCTM704M/712M, 304M, GMT501H43]","['유니', 'C', 'P기모쭈리', 'LOCATION']"
1212776,라운지 스웨트 팬츠 [블랙],"['라운지', '스웨트', '팬츠', '블랙']"
1222184,와이드 히든 밴딩 슬랙스 [미디엄 그레이],"['와이드', '히든', '밴딩', '슬랙스', '미디엄', '그레이']"
1224095,세미 와이드 히든 밴딩 슬랙스 [미디엄 그레이],"['세미', '와이드', '히든', '밴딩', '슬랙스', '미디엄', '그레이']"
1231944,슈퍼스타 - 블랙 / EG4957,"['슈퍼스타', '블랙']"
1248490,Vintage Long Sleeve Henley Shirt White,"['Vintage', 'Long', 'Sleeve', 'Henley', 'Shirt', 'White']"
1253200,1942 US Army Chino Trousers Khaki,"['US', 'Army', 'Chino', 'Trousers', 'Khaki']"
1262092,1461 쿼드 블랙 폴리시드 스무스 / 25567001,"['쿼드', '블랙', '폴리시드', '스무스']"
1291017,리치 오버 MA-1 자켓 블랙 YHJK2269,"['리치', '오버', '자켓', '블랙']"
1317598,우븐 조거 팬츠(블랙),"['우븐', '조거', '팬츠', '블랙']"
1322219,레귤러 핏 데님 팬츠 [워시드 블랙],"['레귤러', '핏', '데님', '팬츠', '워시드', '블랙']"
1324127,우먼즈 플랫 테리 와이드 라운지 스웨트 팬츠 [블랙],"['우먼즈', '플랫', '테리', '와이드', '라운지', '스웨트', '팬츠', '블랙']"
1336836,(Renew Ver.) 루즈핏 스웨트 셔츠 ( 9Color ) ( 기모선택 ),"['루즈핏', '스웨트', '셔츠', '기모선택']"
1354129,5IN OG - 오리지널 독일군 스니커즈,"['OG', '오리지널', '독일군', '스니커즈']"
1370101,Wide String Cargo Slacks Pants - Black,"['Wide', 'String', 'Cargo', 'Slacks', 'Pants', 'Black']"
1403480,Crude wide fit jeans [5colors],"['Crude', 'wide', 'fit', 'jeans']"
1470186,어센틱 플랫폼 2.0 - 블랙 / VN0A3AV8BLK1,"['어센틱', '플랫폼', '블랙']"
1477278,Minimal wide jeans - 로우 블랙진,"['Minimal', 'wide', 'jeans', '로우', '블랙진']"
1498105,커스텀핏 데님 셔츠 - 블루,"['커스텀핏', '데님', '셔츠', '블루']"
1535332,[DIVO] RDS 유틸리티 덕다운 푸파 숏패딩_라이트베이지,"['RDS', '유틸리티', '덕다운', '푸파', '숏패딩', '라이트베이지']"
1535333,[DIVO] RDS 유틸리티 덕다운 푸파 숏패딩_4color,"['RDS', '유틸리티', '덕다운', '푸파']"
1535333,[DIVO] RDS 유틸리티 덕다운 푸파 숏패딩_블랙,"['RDS', '유틸리티', '덕다운', '푸파', '숏패딩', '블랙']"
1535337,[DIVO] RDS 유틸리티 덕다운 푸파 숏패딩_쿨그레이,"['RDS', '유틸리티', '덕다운', '푸파', '숏패딩', '쿨그레이']"
1539383,솔리드 스웨이드 무톤 자켓 (블랙),"['솔리드', '스웨이드', '무톤', '자켓', '블랙']"
1548435,탑필 울 라운드 니트 (블랙),"['탑필', '울', '라운드', '니트', '블랙']"
1551839,Deep One Tuck Sweat Pants [Black],"['Deep', 'One', 'Tuck', 'Sweat', 'Pants']"
1551840,Deep One Tuck Sweat Pants [Grey],"['Deep', 'One', 'Tuck', 'Sweat', 'Pants']"
1552753,1967 JET BLACK JEANS [WIDE STRAIGHT],"['JET', 'BLACK', 'JEANS']"
1555407,1968 HIMALAYA JEANS [WIDE STRAIGHT],"['HIMALAYA', 'JEANS']"
1558197,릴렉스드 베이식 블레이저 [블랙],"['릴렉스드', '베이식', '블레이저', '블랙']"
1558847,[리뉴얼] 하프 터틀넥 니트 세트,"['리뉴얼', '하프', '터틀넥', '니트', '세트']"
1568047,[핏더사이즈X슈펜] Seku-shi(세쿠시) 첼시 부읏츠  BYTM20W12,"['핏더사이즈X슈펜', 'Seku', 'shi', '세쿠시', '첼시', '부읏츠']"
1568057,사계절 스트링 트레이닝팬츠 (그레이),"['사계절', '스트링', '트레이닝팬츠', '그레이']"
1573215,Turn me On - MOD7w,"['Turn', 'me', 'On']"
1574264,시티 스트라이프 오버 셔츠(시티블랙),"['시티', '스트라이프', '오버', '셔츠', '시티블랙']"
1575838,슈퍼 와이드 히든 밴딩 슬랙스[블랙],"['슈퍼', '와이드', '히든', '밴딩', '슬랙스', '블랙']"
1576700,오버핏 비건레더 싱글 자켓,"['오버핏', '비건레더', '싱글', '자켓']"
1581261,우먼즈 와이드 코듀로이 팬츠 [블랙],"['우먼즈', '와이드', '코듀로이', '팬츠', '블랙']"
1581262,우먼즈 와이드 코듀로이 팬츠 [크림],"['우먼즈', '와이드', '코듀로이', '팬츠', '크림']"
1582142,에비에이터 B-3 무스탕 자켓 [블랙],"['에비에이터', '무스탕', '자켓', '블랙']"
1582356,980G 피그먼트 맨투맨-챠콜-,"['피그먼트', '맨투맨', '챠콜']"
1586586,PO HEART KNIT(SKY BLUE),"['PO', 'HEART']"
1593755,[비건 레더] 필드 자켓 블랙,"['비건', '레더', '필드', '자켓', '블랙']"
1596800,네오 플라이트 숏다운 자켓 블랙(UP421CDJO1),"['네오', '플라이트', '숏다운', '자켓']"
1599217,램스울 크루넥 오버 니트 (연차콜),"['램스울', '크루넥', '오버', '니트', '연차콜']"
1611799,우먼즈 캐시미어 블렌드 더블 체스터 롱 코트 [블랙],"['우먼즈', '캐시미어', '블렌드', '더블', '체스터', '롱', '코트', '블랙']"
1615822,로그 오버핏 기모 후드 블랙 YHHD2302,"['로그', '오버핏', '기모', '후드', '블랙']"
1615829,로그 오버핏 기모 후드 그레이 YHHD2302,"['로그', '오버핏', '기모', '후드', '그레이']"
1618207,캐시미어 블렌드 대디 숄더 더블 롱 코트 [블랙],"['캐시미어', '블렌드', '대디', '숄더', '더블', '롱', '코트', '블랙']"
1618313,캐시미어 블렌드 대디 숄더 싱글 롱 코트 [블랙],"['캐시미어', '블렌드', '대디', '숄더', '싱글', '롱', '코트', '블랙']"
1620237,케이블니트 코튼 스웨터 - 블루,"['케이블니트', '코튼', '스웨터', '블루']"
1622068,슈퍼스타 - 화이트:블랙 / EG4958,"['슈퍼스타', '화이트', '블랙']"
1622069,슈퍼스타 - 블랙:화이트 / EG4959,"['슈퍼스타', '블랙', '화이트']"
1627892,레플리카 퍼티그 팬츠 [카키],"['레플리카', '퍼티그', '팬츠', '카키']"
1628418,우먼즈 캐시미어 블렌드 체스터 롱 코트 [블랙],"['우먼즈', '캐시미어', '블렌드', '체스터', '롱', '코트', '블랙']"
1628939,미니멀 크루 넥 니트 [블랙],"['미니멀', '크루', '넥', '니트', '블랙']"
1629081,기모 스웨트 팬츠 [블랙],"['기모', '스웨트', '팬츠', '블랙']"
1629082,기모 스웨트 팬츠 [미디엄 그레이],"['기모', '스웨트', '팬츠', '미디엄', '그레이']"
1629142,미니멀 모크 넥 니트 [블랙],"['미니멀', '모크', '넥', '니트', '블랙']"
1635197,캐시미어 20 오버사이즈 싱글 코트 [블랙],"['캐시미어', '오버사이즈', '싱글', '코트', '블랙']"
1639444,우먼즈 텐셀 슬림 터틀 넥 티셔츠 [크림],"['우먼즈', '텐셀', '슬림', '터틀', '넥', '티셔츠', '크림']"
1639445,우먼즈 텐셀 슬림 터틀 넥 티셔츠 [블랙],"['우먼즈', '텐셀', '슬림', '터틀', '넥', '티셔츠', '블랙']"
1642887,헤비웨이트 오버사이즈 스웨트셔츠 [블랙],"['헤비웨이트', '오버사이즈', '스웨트셔츠', '블랙']"
1642903,헤비웨이트 오버사이즈 후디드 스웨트셔츠 [블랙],"['헤비웨이트', '오버사이즈', '후디드', '스웨트셔츠', '블랙']"
1642904,헤비웨이트 오버사이즈 후디드 스웨트셔츠 [미디엄 그레이],"['헤비웨이트', '오버사이즈', '후디드', '스웨트셔츠', '미디엄', '그레이']"
1643839,[DUCK DOWN] 몬스터 롱 헤비 다운 파카 3 color_SEJP008,"['롱', '헤비', '다운', '파카', '몬스터']"
1647181,BLACK DOUBLE LONG GOOSE DOWN,"['BLACK', 'DOUBLE', 'LONG', 'GOOSE', 'DOWN']"
1648072,구스 다운 푸퍼 숏 패딩 재킷 [블랙],"['구스', '다운', '푸퍼', '숏', '패딩', '재킷', '블랙']"
1666442,와이드 데님 팬츠 [라이트 인디고],"['와이드', '데님', '팬츠', '라이트', '인디고']"
1666443,와이드 데님 팬츠 [크림],"['와이드', '데님', '팬츠', '크림']"
1666444,와이드 데님 팬츠 [워시드 블랙],"['와이드', '데님', '팬츠', '워시드', '블랙']"
1670229,헤비웨이트 속기모 테이퍼드 히든 밴딩 10부 슬랙스 [블랙],"['헤비웨이트', '속기모', '테이퍼드', '히든', '밴딩', '10부', '슬랙스', '블랙']"
1670232,헤비웨이트 속기모 와이드 히든 밴딩 슬랙스 [블랙],"['헤비웨이트', '속기모', '와이드', '히든', '밴딩', '슬랙스', '블랙']"
1670233,헤비웨이트 속기모 와이드 히든 밴딩 슬랙스 [차콜 그레이],"['헤비웨이트', '속기모', '와이드', '히든', '밴딩', '슬랙스', '차콜', '그레이']"
1672471,(기모) 유니섹스 세미 와이드 밴딩 슬랙스 겨울 2PACK,"['기모', '유니섹스', '세미', '와이드', '밴딩', '슬랙스', '겨울']"
1674248,1950s USAF Type MA-1 Flight Jacket KR Ver. Olive,"['USAF', 'Type', 'Flight', 'Jacket', 'KR', 'Olive']"
1684196,유니섹스 프렌치 롱 가운 오버핏 코트 7 COLOR,"['유니섹스', '프렌치', '롱', '가운', '오버핏', '코트', 'COLOR']"
1685307,[3팩]고밀도순면기본반팔티셔츠  MATS0101,"['3팩', '고밀도순면기본반팔티셔츠']"
1699941,오다 메리제인 (104913-NEGRO),"['오다', '메리제인']"
1706633,커스텀핏 옥스포드 셔츠 - 화이트,"['커스텀핏', '옥스포드', '셔츠', '화이트']"
1710327,크루넥 리브 니트 스웨터_블랙,"['크루넥', '리브', '니트', '스웨터', '블랙']"
1717388,(기모) 유니섹스 세미 와이드 밴딩 슬랙스 겨울 그레이 / 블랙,"['기모', '유니섹스', '세미', '와이드', '밴딩', '슬랙스', '겨울', '그레이', '블랙']"
1720813,[WOMEN] 오리지날 플레이 숏 레인부츠 - 블랙 WFS2020RMABLK,"['오리지날', '플레이', '숏', '레인부츠', '블랙']"
1729707,척테일러 올스타 리프트 캔버스 블랙 560845C,"['척테일러', '올스타', '리프트', '캔버스', '블랙']"
1729744,척테일러 올스타 무브 블랙 570256C,"['척테일러', '올스타', '무브', '블랙']"
1735427,[2PACK] 와이드핏 트레이닝 스웨트 팬츠 - 6Color,"['와이드핏', '트레이닝', '스웨트', '팬츠']"
1736085,(Renew Ver.) 와이드 스웨트 팬츠 ( 5Color ) ( 기모선택 ),"['와이드', '스웨트', '팬츠', '기모선택']"
1736562,Deep One Tuck Sweat Pants [White Grey],"['Deep', 'One', 'Tuck', 'Sweat', 'Pants']"
1737897,테이퍼드 롱팬츠-블랙,"['테이퍼드', '롱팬츠', '블랙']"
1762406,XT-6 - 블랙:블랙:팬텀 / L41086600,"['블랙', '블랙', '팬텀']"
1762407,XT-6 - 화이트:화이트:루나 락 / L41252900,"['화이트', '화이트', '루나', '락']"
1769063,Deep One Tuck Sweat Pants [Khaki],"['Deep', 'One', 'Tuck', 'Sweat', 'Pants']"
1778404,2WAY 스웻 후드 집업 (MELANGE GREY),"['스웻', '후드', '집업']"
1786750,51015 KURABO ROCKSTAR JEANS [WIDE STRAIGHT],"['KURABO', 'ROCKSTAR', 'JEANS']"
1804765,헤비웨이트 라운지 스웨트 팬츠 [미디엄 그레이],"['헤비웨이트', '라운지', '스웨트', '팬츠', '미디엄', '그레이']"
1804766,헤비웨이트 라운지 스웨트 팬츠 [블랙],"['헤비웨이트', '라운지', '스웨트', '팬츠', '블랙']"
1816105,Steady Balloon Snap Pants,"['Steady', 'Balloon', 'Snap', 'Pants']"
1817394,[3-PACK]베이직 트래블러 피그먼트 스웨트셔츠,"['트래블러', '피그먼트', '스웨트셔츠']"
1844582,(Renew Ver.) 원턱 와이드 스웨트 팬츠 ( 5Color ) ( 기모선택 ),"['원턱', '와이드', '스웨트', '팬츠', '기모선택']"
1870255,테크 조거팬츠-블랙,"['테크', '조거팬츠', '블랙']"
1875849,링클프리 드레스 셔츠 [화이트],"['링클프리', '드레스', '셔츠', '화이트']"
1890398,베이스먼트 더비 R24M042 (FG 블랙),"['베이스먼트', '더비', '블랙']"
1952910,Forik,['Forik']
2028326,스트레이트 데님 팬츠 [크림],"['스트레이트', '데님', '팬츠', '크림']"
2028327,스트레이트 데님 팬츠 [라이트 인디고],"['스트레이트', '데님', '팬츠', '라이트', '인디고']"
2028328,스트레이트 데님 팬츠 [미디엄 인디고],"['스트레이트', '데님', '팬츠', '미디엄', '인디고']"
2028329,스트레이트 데님 팬츠 [워시드 블랙],"['스트레이트', '데님', '팬츠', '워시드', '블랙']"
2028335,KIPAS 스트레이트 데님 팬츠 [미디엄 인디고],"['KIPAS', '스트레이트', '데님', '팬츠', '미디엄', '인디고']"
2032901,릴렉스드 테이퍼드 히든 밴딩 크롭 슬랙스 [블랙],"['릴렉스드', '테이퍼드', '히든', '밴딩', '크롭', '슬랙스', '블랙']"
2034137,릴렉스 핏 크루 넥 반팔 티셔츠 2팩,"['릴렉스', '핏', '크루', '넥', '반팔', '티셔츠', '2팩']"
2037167,파스텔 푸퍼_SPJPE4TG01,['파스텔']
2043056,[SET] [후드티 OR 맨투맨 선택] CGP 아치 로고 셋업_네이비,"['후드티', 'OR', '맨투맨', '선택', 'CGP', '아치', '로고', '셋업', '네이비']"
2043588,DOODLE LOGO HOODIE - BLACK,"['DOODLE', 'LOGO', 'HOODIE', 'BLACK']"
2049103,1880 PURE CREAM JEANS [WIDE STRAIGHT],"['PURE', 'CREAM', 'JEANS']"
2052956,네로 맨투맨 네이비,"['네로', '맨투맨', '네이비']"
2058188,TAG OG HOODIE - BLACK,"['TAG', 'OG', 'HOODIE', 'BLACK']"
2060719,(기모옵션추가) 와이드 빅포켓 밴딩 카고 팬츠 카키,"['기모옵션추가', '와이드', '빅포켓', '밴딩', '카고', '팬츠', '카키']"
2060743,(기모옵션추가) 이지 와이드 밴딩 슬랙스 블랙,"['기모옵션추가', '이지', '와이드', '밴딩', '슬랙스', '블랙']"
2060759,(기모옵션추가) 와이드 절개 벌룬팬츠 코튼 카키,"['기모옵션추가', '와이드', '절개', '벌룬팬츠', '코튼', '카키']"
2060760,(기모옵션추가) 와이드 절개 벌룬팬츠 코튼 블랙,"['기모옵션추가', '와이드', '절개', '벌룬팬츠', '코튼', '블랙']"
2065703,LAUNDRY SHIRT (WHITE),"['LAUNDRY', 'SHIRT']"
2069525,원 턱 레귤러 핏 치노 팬츠 [베이지],"['원', '턱', '레귤러', '핏', '치노', '팬츠', '베이지']"
2081571,Vintage Long Sleeve Henley Shirt Black,"['Vintage', 'Long', 'Sleeve', 'Henley', 'Shirt', 'Black']"
2085823,프리미어 퓨어 캐시미어 로브 더블 코트 [DARK BROWN],"['프리미어', '퓨어', '캐시미어', '로브', '더블', '코트']"
2086653,레이어드 크루 넥 반팔 티셔츠_일반 기장 [화이트],"['레이어드', '크루', '넥', '반팔', '티셔츠', '일반', '기장', '화이트']"
2091652,케이블니트 코튼 스웨터 - 그레이,"['케이블니트', '코튼', '스웨터', '그레이']"
2091749,WTRD1203 클리프 스퀘어토 4홀 더비슈즈 블랙 [250~290MM],"['클리프', '스퀘어토', '4홀', '더비슈즈', '블랙']"
2092849,(기모옵션추가) 이지 와이드 데님 팬츠 블랙,"['기모옵션추가', '이지', '와이드', '데님', '팬츠', '블랙']"
2092852,(기모옵션추가) 이지 와이드 데님 팬츠 그레이,"['기모옵션추가', '이지', '와이드', '데님', '팬츠', '그레이']"
2093254,465-3 VEGAN LEATHER OVERFIT JACKET_BLACK,"['VEGAN', 'LEATHER', 'OVERFIT']"
2096583,[SET] [후드티 OR 맨투맨 선택] CGP 아치 로고 셋업_다크그레이,"['후드티', 'OR', '맨투맨', '선택', 'CGP', '아치', '로고', '셋업', '다크그레이']"
2098325,프리미어 퓨어 캐시미어 발마칸 코트 [BLACK],"['프리미어', '퓨어', '캐시미어', '발마칸', '코트']"
2098326,프리미어 퓨어 캐시미어 발마칸 코트 [DARK BROWN],"['프리미어', '퓨어', '캐시미어', '발마칸', '코트']"
2101922,플레인 첼시 부츠 [블랙],"['플레인', '첼시', '부츠', '블랙']"
2101924,플레인 더비 슈즈 [블랙],"['플레인', '더비', '슈즈', '블랙']"
2103617,selvedge denim pants indigo,"['selvedge', 'denim', 'pants', 'indigo']"
2104878,엔비엘 로고 후드 (버건디),"['엔비엘', '로고', '후드', '버건디']"
2105452,980G 피그먼트 컷 후드-차콜-,"['피그먼트', '컷', '후드', '차콜']"
2106705,슬레이크 후드 올리브 HHHD3397,"['슬레이크', '후드', '올리브']"
2107114,Turn me On Black - MOD1w,"['Turn', 'me', 'On', 'Black']"
2107115,Black Stardust - MOD1w,"['Black', 'Stardust']"
2108160,베이직 퍼플리스 집업_SPFZE4TC01,"['베이직', '퍼플리스']"
2109937,피치스킨 벌룬오버 후드 - 블랙,"['피치스킨', '벌룬오버', '후드', '블랙']"
2111422,[추가 구매 할인] 반폴라 모크넥 티셔츠,"['추가', '구매', '할인', '반폴라', '모크넥', '티셔츠']"
2112059,원턱 와이드 스웨트팬츠 그레이,"['원턱', '와이드', '스웨트팬츠', '그레이']"
2112061,원턱 와이드 스웨트팬츠 블랙,"['원턱', '와이드', '스웨트팬츠', '블랙']"
2114445,6인치 목토 875 - 오로 레거시,"['6인치', '목토', '오로', '레거시']"
2114452,아이언 레인저 8111 - 앰버 하니스,"['아이언', '레인저', '앰버', '하니스']"
2114455,아이언 레인저 8083 - 호손 뮬스키너,"['아이언', '레인저', '호손', '뮬스키너']"
2116344,쉽스킨 스웨이드 슬리퍼 (스커페트 II) W - 체스넛 / 1106872CHE,"['쉽스킨', '스웨이드', '슬리퍼', '스커페트', 'W', '체스넛']"
2116411,캐시미어 블렌드 오버사이즈 발마칸 코트 [블랙],"['캐시미어', '블렌드', '오버사이즈', '발마칸', '코트', '블랙']"
2116450,헤비웨이트 속기모 리얼 와이드 히든 밴딩 슬랙스 [블랙],"['헤비웨이트', '속기모', '리얼', '와이드', '히든', '밴딩', '슬랙스', '블랙']"
2117266,우먼즈 헤비웨이트 속기모 스트레이트 히든 밴딩 슬랙스 [블랙],"['우먼즈', '헤비웨이트', '속기모', '스트레이트', '히든', '밴딩', '슬랙스', '블랙']"
2117272,우먼즈 헤비웨이트 속기모 와이드 히든 밴딩 슬랙스 [블랙],"['우먼즈', '헤비웨이트', '속기모', '와이드', '히든', '밴딩', '슬랙스', '블랙']"
2119984,와이드 밴딩 치노 팬츠 [BEIGE],"['와이드', '밴딩', '치노', '팬츠']"
2122566,레이어드 크루 넥 반팔 티셔츠_일반 기장 2팩,"['레이어드', '크루', '넥', '반팔', '티셔츠', '일반', '기장', '2팩']"
2124214,우먼즈 캐시미어 블렌드 핸드메이드 발마칸 로브 코트 [블랙],"['우먼즈', '캐시미어', '블렌드', '핸드메이드', '발마칸', '로브', '코트', '블랙']"
2124221,헤비웨이트 속기모 테이퍼드 히든 밴딩 10부 슬랙스 [미디엄 그레이],"['헤비웨이트', '속기모', '테이퍼드', '히든', '밴딩', '10부', '슬랙스', '미디엄', '그레이']"
2124222,헤비웨이트 속기모 테이퍼드 히든 밴딩 10부 슬랙스 [다크 그레이],"['헤비웨이트', '속기모', '테이퍼드', '히든', '밴딩', '10부', '슬랙스', '다크', '그레이']"
2124226,헤비웨이트 속기모 와이드 히든 밴딩 슬랙스 [미디엄 그레이],"['헤비웨이트', '속기모', '와이드', '히든', '밴딩', '슬랙스', '미디엄', '그레이']"
2139011,465-1 비건 레더 오버핏 자켓,"['비건', '레더', '오버핏', '자켓']"
2139133,[드로우핏X깡스타일리스트] 모크넥 니트 티셔츠 SET,"['드로우핏X깡스타일리스트', '모크넥', '니트', '티셔츠', 'SET']"
2139704,소프트 필링 세미오버 라운드 니트 블랙,"['소프트', '필링', '세미오버', '라운드', '니트', '블랙']"
2139775,소프트 필링 세미오버 라운드 니트 초코브라운,"['소프트', '필링', '세미오버', '라운드', '니트', '초코브라운']"
2144379,[SET] 로럴골든 후드티 조거팬츠 셋업_(8color),"['로럴골든', '후드티', '조거팬츠']"
2145571,램스킨 다운 푸퍼 숏 패딩 재킷,"['램스킨', '다운', '푸퍼', '숏', '패딩', '재킷']"
2145689,3M신슐레이트 트래블러 퀼팅자켓 FPJ201 / 6color,"['트래블러', '퀼팅자켓']"
2149254,베이식 긴팔 티셔츠 2팩,"['베이식', '긴팔', '티셔츠', '2팩']"
2150457,Two Tuck Wide Black Jeans,"['Two', 'Tuck', 'Wide', 'Black', 'Jeans']"
2153567,NBNPE41113 / 남여공용 액티브 숏 다운 자켓 (4컬러),"['남여공용', '액티브', '숏', '다운', '자켓', '4컬러']"
2156295,[WOOL 80] 울 세미오버핏 발마칸 코트_블랙,"['울', '세미오버핏', '발마칸', '코트', '블랙']"
2156412,쉘블록 2-WAY 보아퍼 숏패딩_블랙,"['쉘블록', '보아퍼', '숏패딩', '블랙']"
2159721,handmade wool trench coat-camel,"['handmade', 'wool', 'trench']"
2161486,OVERSIZED M65 HOOD SHORT DOWN PARKA BLACK,"['OVERSIZED', 'HOOD', 'SHORT', 'DOWN', 'PARKA', 'BLACK']"
2164657,퍼티그 벌룬 코듀로이 팬츠 MPT110 / 5color,"['퍼티그', '벌룬', '코듀로이', '팬츠']"
2164657,퍼티그 벌룬 코듀로이 팬츠 MPT110 [DRAKGRAY],"['퍼티그', '벌룬', '코듀로이', '팬츠']"
2169905,남성 베이직 에센셜  푸퍼 자켓  J326958 BEH,"['남성', '베이직', '에센셜', '푸퍼', '자켓', 'BEH']"
2183727,에센셜 세미 와이드 코듀로이 팬츠 블랙,"['에센셜', '세미', '와이드', '코듀로이', '팬츠', '블랙']"
2183795,에센셜 세미 와이드 코듀로이 팬츠 크림,"['에센셜', '세미', '와이드', '코듀로이', '팬츠', '크림']"
2183910,코듀로이 라쿠로고 오버후드(그린),"['코듀로이', '라쿠로고', '오버후드', '그린']"
2184087,Banding One Tuck Wide Denim Pants - Deep Blue,"['Banding', 'One', 'Tuck', 'Wide', 'Denim', 'Pants', 'Deep', 'Blue']"
2184088,Banding One Tuck Wide Denim Pants - Black,"['Banding', 'One', 'Tuck', 'Wide', 'Denim', 'Pants', 'Black']"
2184371,마일드 보카시 크루넥 스웨터 오버핏 니트 블랙,"['마일드', '보카시', '크루넥', '스웨터', '오버핏', '니트', '블랙']"
2184395,마일드 보카시 크루넥 스웨터 오버핏 니트 블루,"['마일드', '보카시', '크루넥', '스웨터', '오버핏', '니트', '블루']"
2186292,[2PACK] 베이식 무지 레이어드 반팔 티셔츠 일반 기장,"['베이식', '무지', '레이어드', '반팔', '티셔츠', '일반', '기장']"
2192072,Miller Knit Sweater Navy,"['Miller', 'Knit', 'Sweater', 'Navy']"
2194649,카라 케이블 니트 집업 블랙,"['카라', '케이블', '니트', '집업', '블랙']"
2200197,ORIGINAL #510 첼시부츠_블랙,"['ORIGINAL', '첼시부츠', '블랙']"
2200821,ORIGINAL 500 첼시부츠_스타우트 브라운,"['ORIGINAL', '첼시부츠', '스타우트', '브라운']"
2200997,ORIGINAL 1615 첼시부츠_다크올리브,"['ORIGINAL', '첼시부츠', '다크올리브']"
2206096,[ALL리뉴얼.Ver] 오리지널 M65 피시테일 파카_카키,"['ALL리뉴얼', 'Ver', '오리지널', '피시테일', '파카', '카키']"
2208662,와이드 데님 팬츠 [블랙],"['와이드', '데님', '팬츠', '블랙']"
2208663,와이드 데님 팬츠 [그레이],"['와이드', '데님', '팬츠', '그레이']"
2222275,Deep One Tuck Sweat Pants [Navy],"['Deep', 'One', 'Tuck', 'Sweat', 'Pants']"
2222924,롱 다운 벤치 파카 [블랙],"['롱', '다운', '벤치', '파카', '블랙']"
2226767,오버사이즈 집업 카라 터틀넥 니트 [5color],"['오버사이즈', '집업', '카라', '터틀넥', '니트']"
2238440,오버사이즈 멜톤 더플 롱 코트 네이비,"['오버사이즈', '멜톤', '더플', '롱', '코트', '네이비']"
2241553,ECWCS Level 7 Parka Grey Olive,"['ECWCS', 'Level', 'Parka', 'Grey', 'Olive']"
2279194,벌룬 와이드 코듀로이 팬츠 다크브라운,"['벌룬', '와이드', '코듀로이', '팬츠', '다크브라운']"
2284961,메달리스트 스니커즈 in leather black white,"['메달리스트', '스니커즈', 'in', 'leather', 'black', 'white']"
2285078,[패딩 Ver.] 피쉬테일 레이어드 후드 숏파카_블랙,"['패딩', '피쉬테일', '레이어드', '후드', '숏파카', '블랙']"
2287393,Signature standard hoodie - BLACK,"['Signature', 'standard', 'hoodie', 'BLACK']"
2302738,TAG OG HOODIE - NAVY,"['TAG', 'OG', 'HOODIE', 'NAVY']"
2305840,TE5-SH08 프렌치 스트라이프 셔츠-네이비,"['프렌치', '스트라이프', '셔츠', '네이비']"
2307746,원 턱 와이드 라운지 스웨트 팬츠 [미디엄 그레이],"['원', '턱', '와이드', '라운지', '스웨트', '팬츠', '미디엄', '그레이']"
2307747,원 턱 와이드 라운지 스웨트 팬츠 [블랙],"['원', '턱', '와이드', '라운지', '스웨트', '팬츠', '블랙']"
2310310,CONE MILL DEEP ONE TUCK JEAN MEDIUM WASHED,"['CONE', 'MILL', 'DEEP', 'ONE', 'TUCK', 'JEAN', 'MEDIUM', 'WASHED']"
2313388,90S 트랙 스웨트셔츠_그레이,"['트랙', '스웨트셔츠', '그레이']"
2314616,에센셜 후드 스웻 셔츠 (MELANGE GREY),"['에센셜', '후드', '스웻', '셔츠']"
2314617,에센셜 후드 스웻 셔츠 (BLACK),"['에센셜', '후드', '스웻', '셔츠']"
2328113,스몰아치 스웨트셔츠_블랙,"['스몰아치', '스웨트셔츠', '블랙']"
2338457,하트 벌룬 스웻 셔츠-3 Colors,"['하트', '벌룬', '스웻', '셔츠', '3', 'Colors']"
2341126,가젯 팬츠 Black,"['가젯', '팬츠', 'Black']"
2341127,가젯 팬츠 Olive,"['가젯', '팬츠', 'Olive']"
2351467,바이오스톤 워싱 와이드 데님 팬츠 (BLUE GRAY),"['바이오스톤', '워싱', '와이드', '데님', '팬츠']"
2351619,퍼프 플라이트 MA-1 (블랙),"['퍼프', '플라이트', '블랙']"
2355070,메달리스트 고트스킨 스니커즈 white,"['메달리스트', '고트스킨', '스니커즈', 'white']"
2355071,메달리스트 스니커즈 in leather white,"['메달리스트', '스니커즈', 'in', 'leather', 'white']"
2374788,950G 솔리드 후드-8% 멜란지 그레이-,"['솔리드', '후드', '8', '멜란지', '그레이']"
2374814,950G 솔리드 후드-딥 블랙-,"['솔리드', '후드', '딥', '블랙']"
2383020,cotton fatigue pants regular fit forest,"['cotton', 'fatigue', 'pants', 'regular', 'fit', 'forest']"
2391745,스트레이트 데님 팬츠 [딥 인디고],"['스트레이트', '데님', '팬츠', '딥', '인디고']"
2391746,스트레이트 데님 팬츠 [블랙],"['스트레이트', '데님', '팬츠', '블랙']"
2396645,워셔블 하찌 니트 - 12 COLOR,"['워셔블', '하찌', '니트', 'COLOR']"
2406919,[White Collection] 커스텀핏 클래식 옥스포드 셔츠  - 화이트,"['커스텀핏', '클래식', '옥스포드', '셔츠', '화이트']"
2419002,Miller Knit Sweater Burnt Orange,"['Miller', 'Knit', 'Sweater', 'Burnt', 'Orange']"
2425505,LVC 1954 501 진 RIGID_50154-0090,"['LVC', '진']"
2441622,액티브 팬츠,"['액티브', '팬츠']"
2445942,2976 블랙 나파 27100001,"['블랙', '나파']"
2466505,51036 CONE ONYX JEANS [EXTRA WIDE STRAIGHT],"['CONE', 'ONYX', 'JEANS', 'WIDE']"
2482269,NJ1DQ75A 남성 1996 에코 눕시 자켓_BLACK,"['남성', '에코', '눕시', '자켓', 'BLACK']"
2490102,REAL WIDE ONE TUCK DENIM BROWN / WIDE,"['REAL', 'WIDE', 'ONE', 'TUCK', 'DENIM', 'BROWN', 'WIDE']"
2513018,에어스트레치 조거팬츠_블랙 트레이닝,"['에어스트레치', '조거팬츠', '블랙', '트레이닝']"
2518417,[2PACK] 30수 스몰로고 반팔티 (JP5TSU159BK),"['30수', '스몰로고', '반팔티']"
2518452,캐시미어 블렌드 오버사이즈 발마칸 코트 [네이비],"['캐시미어', '블렌드', '오버사이즈', '발마칸', '코트', '네이비']"
2518455,캐시미어 블렌드 오버사이즈 발마칸 코트 [차콜 그레이],"['캐시미어', '블렌드', '오버사이즈', '발마칸', '코트', '차콜', '그레이']"
2518456,캐시미어 블렌드 오버사이즈 발마칸 코트 [미디엄 그레이],"['캐시미어', '블렌드', '오버사이즈', '발마칸', '코트', '미디엄', '그레이']"
2551390,우먼즈 하이 웨이스트 와이드 히든 밴딩 슬랙스 [블랙],"['우먼즈', '하이', '웨이스트', '와이드', '히든', '밴딩', '슬랙스', '블랙']"
2562527,우먼스 월계수 와이드 팬츠(블랙),"['우먼스', '월계수', '와이드', '팬츠', '블랙']"
2568748,스트레이트 히든 밴딩 슬랙스 [블랙],"['스트레이트', '히든', '밴딩', '슬랙스', '블랙']"
2568780,우먼즈 부츠 컷 코듀로이 팬츠 [블랙],"['우먼즈', '부츠', '컷', '코듀로이', '팬츠', '블랙']"
2578996,[겨울원단선택]더블턱 와이드 슬랙스[블랙],"['겨울원단선택', '더블턱', '와이드', '슬랙스', '블랙']"
2578997,[겨울원단선택]더블턱 와이드 슬랙스[그레이],"['겨울원단선택', '더블턱', '와이드', '슬랙스', '그레이']"
2631192,척 70 플러스  블랙 A00916C,"['척', '플러스', '블랙']"
2653637,데일리 푸퍼 리버서블 플리스 숏 패딩 재킷 [블랙/크림],"['데일리', '푸퍼', '리버서블', '플리스', '숏', '패딩', '재킷', '블랙', '크림']"
2653652,우먼즈 데일리 푸퍼 리버서블 플리스 숏 패딩 재킷 [크림/크림],"['우먼즈', '데일리', '푸퍼', '리버서블', '플리스', '숏', '패딩', '재킷', '크림', '크림']"
2679781,퍼 카라 스웨이드 슬립온 슈즈 (타제트) W - 체스넛 / 1134810CHE,"['퍼', '카라', '스웨이드', '슬립온', '슈즈', '타제트', 'W', '체스넛']"
2679789,스티치 칼라 플랫폼 슬리퍼 (타즈) W - 체스넛 / 1122553CHE,"['스티치', '칼라', '플랫폼', '슬리퍼', '타즈', 'W', '체스넛']"
2682099,몬스터 다운 파카 [블랙],"['몬스터', '다운', '파카', '블랙']"
2683549,파로 오버 사이즈 부클 가디건 클래식 블랙,"['파로', '오버', '사이즈', '부클', '가디건', '클래식', '블랙']"
2684357,CROPPED HAIRY KNIT - MELANGE,"['CROPPED', 'HAIRY', 'KNIT', 'MELANGE']"
2684358,CROPPED HAIRY KNIT - GRASS GREEN,"['CROPPED', 'HAIRY', 'KNIT', 'GRASS', 'GREEN']"
2685539,N224WDW930 여성 타루가 퍼 트리밍 후디 구스다운 점퍼 CARBON BLACK,"['여성', '타루가', '퍼', '트리밍', '후디', '구스다운', '점퍼', 'CARBON', 'BLACK']"
2690207,트레드 슬릭 하이탑 스니커즈 - 블랙:화이트 / 705659W4MV21070,"['트레드', '슬릭', '하이탑', '스니커즈', '블랙', '화이트']"
2690691,무지 머슬핏 반팔 13컬러,"['무지', '머슬핏', '반팔', '13컬러']"
2692476,남녀공용 릴렉스핏 모노그램 로고 후디 J327360 BEH,"['남녀공용', '릴렉스핏', '모노그램', '로고', '후디', 'BEH']"
2697813,PRDA DENIM PATCH CREWNECK SHIRT,"['PRDA', 'DENIM', 'PATCH', 'CREWNECK', 'SHIRT']"
2700048,우먼즈 캐시미어 블렌드 발마칸 로브 코트 [블랙],"['우먼즈', '캐시미어', '블렌드', '발마칸', '로브', '코트', '블랙']"
2700049,우먼즈 캐시미어 블렌드 발마칸 로브 코트 [미디엄 그레이],"['우먼즈', '캐시미어', '블렌드', '발마칸', '로브', '코트', '미디엄', '그레이']"
2700050,우먼즈 캐시미어 블렌드 발마칸 로브 코트 [다크 브라운],"['우먼즈', '캐시미어', '블렌드', '발마칸', '로브', '코트', '다크', '브라운']"
2702396,[하찌 or  케이블 선택] 워셔블 하프집업 니트_12 COLOR,"['하찌', 'or', '케이블', '선택', '워셔블', '하프집업', '니트', '12', 'COLOR']"
2704962,웜업 퀼팅자켓_블랙,"['웜업', '퀼팅자켓', '블랙']"
2705733,레이어드 크루 넥 긴팔 티셔츠_일반 기장 [화이트],"['레이어드', '크루', '넥', '긴팔', '티셔츠', '일반', '기장', '화이트']"
2705740,오버사이즈 스웨트셔츠 [블랙],"['오버사이즈', '스웨트셔츠', '블랙']"
2706287,바이오스톤 워싱 와이드 데님 팬츠 (BEIGE BLUE),"['바이오스톤', '워싱', '와이드', '데님', '팬츠']"
2708077,캐시미어 블렌드 오버사이즈 발마칸 코트 [토프],"['캐시미어', '블렌드', '오버사이즈', '발마칸', '코트', '토프']"
2708877,(기모옵션추가) 투턱 와이드 슬랙스 블랙,"['기모옵션추가', '투턱', '와이드', '슬랙스', '블랙']"
2708879,(기모옵션추가) 투턱 와이드 슬랙스 그레이,"['기모옵션추가', '투턱', '와이드', '슬랙스', '그레이']"
2709015,(기모옵션추가) 이지 와이드 데님 팬츠 딥블랙,"['기모옵션추가', '이지', '와이드', '데님', '팬츠', '딥블랙']"
2711142,바이오스톤 워싱 와이드 데님 팬츠 (CREAM),"['바이오스톤', '워싱', '와이드', '데님', '팬츠']"
2711163,옐로우 워싱 리버스 턱 데님 팬츠 (BLACK),"['옐로우', '워싱', '리버스', '턱', '데님', '팬츠']"
2712149,UNISEX AV WIDE PANTS - 3COL,"['UNISEX', 'AV', 'WIDE', 'PANTS']"
2716424,우든 더비 슈즈 홀스하이드 블랙,"['우든', '더비', '슈즈', '홀스하이드', '블랙']"
2718818,더블린 언발란스 캐시미어 블렌드 니트 클래식 차콜,"['더블린', '언발란스', '캐시미어', '블렌드', '니트', '클래식', '차콜']"
2722795,TAG HOODIE - MELANGE GREY,"['TAG', 'HOODIE', 'MELANGE', 'GREY']"
2722805,TAG OG HOODIE - BURGUNDY,"['TAG', 'OG', 'HOODIE', 'BURGUNDY']"
2723763,[리뉴얼] 케이블 라운드 니트 - 9 COLOR,"['리뉴얼', '케이블', '라운드', '니트', 'COLOR']"
2723764,하찌 카라 투웨이 집업 니트 - 6 COLOR,"['하찌', '카라', '투웨이', '집업', '니트', 'COLOR']"
2723767,데일리 라운드 니트 - 12 COLOR,"['데일리', '라운드', '니트', 'COLOR']"
2724661,우먼즈 폴라 플리스 베리어블 라운지 스웨트 팬츠 [블랙],"['우먼즈', '폴라', '플리스', '베리어블', '라운지', '스웨트', '팬츠', '블랙']"
2724662,우먼즈 폴라 플리스 베리어블 라운지 스웨트 팬츠 [아이보리],"['우먼즈', '폴라', '플리스', '베리어블', '라운지', '스웨트', '팬츠', '아이보리']"
2724692,와이드 스웻팬츠_블랙,"['와이드', '스웻팬츠', '블랙']"
2724802,와이드 스웻팬츠_멜란지,"['와이드', '스웻팬츠', '멜란지']"
2724854,와이드 스웻팬츠_브라운,"['와이드', '스웻팬츠', '브라운']"
2725585,블러리 로고 스웨트셔츠 [블랙],"['블러리', '로고', '스웨트셔츠', '블랙']"
2725611,Punk Town - MOD7,"['Punk', 'Town']"
2726744,하찌 엘보 볼륨 풀오버_와인,"['하찌', '엘보', '볼륨', '풀오버', '와인']"
2730222,와이드 스웻팬츠_아이보리,"['와이드', '스웻팬츠', '아이보리']"
2733094,레스터 QT (BLACK),"['레스터', 'QT']"
2733102,레스터 QT 부츠 (BLACK),"['레스터', 'QT', '부츠']"
2733842,UGG 오버로크 스티치 미니 부츠 (클래식 미니 ll) W - 블랙 / 1016222BLK,"['UGG', '오버로크', '스티치', '미니', '부츠', '클래식', '미니', 'W', '블랙']"
2733851,클래식 미니 M - 체스넛 / 1002072CHE,"['클래식', '미니', 'M', '체스넛']"
2734776,Heavyweight Waffle Knit Sweater Olive,"['Heavyweight', 'Waffle', 'Knit', 'Sweater', 'Olive']"
2735953,OFFICE - 111 (a),['OFFICE']
2737012,VINCENT M1965 FISHTAIL PARKA 004 _ BLACK,"['VINCENT', 'FISHTAIL', 'PARKA', 'BLACK']"
2737014,VINCENT M1965 FISHTAIL PARKA 004 _ OLIVE,"['VINCENT', 'FISHTAIL', 'PARKA', 'OLIVE']"
2739130,헤비보아 CGP 더플 플리스 점퍼_블랙,"['헤비보아', 'CGP', '더플', '플리스', '점퍼', '블랙']"
2741207,이지 패딩 뮬 [블랙],"['이지', '패딩', '뮬', '블랙']"
2744549,사계절 쓰리턱 트레이닝팬츠 (2color),"['사계절', '쓰리턱', '트레이닝팬츠']"
2757451,[니티드X깡스타일리스트] 코튼 미니멀 라운드 니트 (2color),"['니티드X깡스타일리스트', '코튼', '미니멀', '라운드', '니트']"
2757451,[니티드X깡스타일리스트] 코튼 미니멀 라운드 니트 BLACK,"['니티드X깡스타일리스트', '코튼', '미니멀', '라운드', '니트', 'BLACK']"
2758330,여성 레스터G RDS 구스다운 롱패딩 (BLACK),"['여성', '레스터G', 'RDS', '구스다운', '롱패딩']"
2759813,SP 팀 로고 후드-멜란지 그레이,"['SP', '팀', '로고', '후드', '멜란지', '그레이']"
2761101,어반 원턱 와이드 팬츠_블랙,"['어반', '원턱', '와이드', '팬츠', '블랙']"
2762366,ORIGINAL WINTER SLIPPER - 7color,"['ORIGINAL', 'WINTER', 'SLIPPER']"
2762709,우먼즈 기모 릴렉스드 라운지 스웨트 팬츠 [블랙],"['우먼즈', '기모', '릴렉스드', '라운지', '스웨트', '팬츠', '블랙']"
2762710,우먼즈 기모 릴렉스드 라운지 스웨트 팬츠 [미디엄 그레이],"['우먼즈', '기모', '릴렉스드', '라운지', '스웨트', '팬츠', '미디엄', '그레이']"
2768824,올드스쿨 - (레더) 블랙 / VN0003Z6L3A1,"['올드스쿨', '레더', '블랙']"
2771471,프롬 캐시미어 하프넥 니트 [블랙],"['프롬', '캐시미어', '하프넥', '니트', '블랙']"
2773124,우먼즈 벨루어 코듀로이 라운지 팬츠 [블랙],"['우먼즈', '벨루어', '코듀로이', '라운지', '팬츠', '블랙']"
2773125,우먼즈 벨루어 코듀로이 라운지 팬츠 [크림 베이지],"['우먼즈', '벨루어', '코듀로이', '라운지', '팬츠', '크림', '베이지']"
2775713,워셔블 하프 집업 카라넥 하찌 니트 (PURE BLACK),"['워셔블', '하프', '집업', '카라넥', '하찌', '니트']"
2778674,메리노 울 블렌드 하이게이지 터틀 넥 니트 [블랙],"['메리노', '울', '블렌드', '하이게이지', '터틀', '넥', '니트', '블랙']"
2782762,OVERSIZED CASHMERE BALMACAAN COAT MELANGE BROWN,"['OVERSIZED', 'CASHMERE', 'BALMACAAN', 'COAT', 'MELANGE', 'BROWN']"
2782764,OVERSIZED CASHMERE BALMACAAN COAT BLACK,"['OVERSIZED', 'CASHMERE', 'BALMACAAN', 'COAT', 'BLACK']"
2785379,스퀘어 토 베이직 롱부츠 412248004 (3cm/2color),"['스퀘어', '토', '베이직', '롱부츠']"
2785403,XTK036 알렌 스트라이프 모헤어 니트 (BLACK/GRAY),"['알렌', '스트라이프', '모헤어', '니트']"
2786732,하이커 모어 라이닝 스웨트-팬츠 블랙,"['하이커', '모어', '라이닝', '스웨트', '팬츠', '블랙']"
2789091,XP127 셔링 카고 팬츠 (BLACK),"['셔링', '카고', '팬츠']"
2792169,글로시 크롭 푸퍼 자켓-4 Colors,"['글로시', '크롭', '푸퍼', '자켓', '4', 'Colors']"
2792169,글로시 크롭 푸퍼 자켓-블랙,"['글로시', '크롭', '푸퍼', '자켓', '블랙']"
2792605,우먼즈 헤비웨이트 속기모 하이 웨이스트 와이드 히든 밴딩 슬랙스 [블랙],"['우먼즈', '헤비웨이트', '속기모', '하이', '웨이스트', '와이드', '히든', '밴딩', '슬랙스', '블랙']"
2794998,워터 리펠런트 구스다운 점퍼 (차콜그레이),"['워터', '리펠런트', '구스다운', '점퍼', '차콜그레이']"
2795635,리사이클 라운지 스웨트 팬츠 [블랙],"['리사이클', '라운지', '스웨트', '팬츠', '블랙']"
2800835,ORIGINAL WINTER BOOTS SHORT(6inch) -  4color,"['ORIGINAL', 'WINTER', 'BOOTS']"
2801731,아이스제로 레이디 다운자켓 블랙,"['아이스제로', '레이디', '다운자켓', '블랙']"
2814469,하프집업니트 - 6color MXKT7126,['하프집업니트']
2815896,퍼피렛 - 블랙:그레이 / GY4559,"['퍼피렛', '블랙', '그레이']"
2816456,리플렉트 커브드 팬츠 [워시드 블랙],"['리플렉트', '커브드', '팬츠', '워시드', '블랙']"
2818150,우먼즈 와이드 카고 팬츠 [블랙],"['우먼즈', '와이드', '카고', '팬츠', '블랙']"
2818896,프리미어 퓨어 캐시미어 발마칸 코트 [D.NAVY],"['프리미어', '퓨어', '캐시미어', '발마칸', '코트']"
2820301,(기모)Signature relax wide pants - BLACK,"['기모', 'Signature', 'relax', 'wide', 'pants', 'BLACK']"
2820790,스웨이드 레더 플랫폼 부츠 (클래식 미니 플랫폼) W - 체스넛 / 1134991CHE,"['스웨이드', '레더', '플랫폼', '부츠', '클래식', '미니', '플랫폼', 'W', '체스넛']"
2820792,스웨이드 레더 미니 플랫폼 부츠 (클래식 울트라 미니 플랫폼) W - 블랙 / 1135092BLK,"['스웨이드', '레더', '미니', '플랫폼', '부츠', '클래식', '울트라', '미니', '플랫폼', 'W', '블랙']"
2820939,우먼즈 더블 니트 투 턱 와이드 라운지 스웨트 팬츠 [블랙],"['우먼즈', '더블', '니트', '투', '턱', '와이드', '라운지', '스웨트', '팬츠', '블랙']"
2820940,우먼즈 더블 니트 투 턱 와이드 라운지 스웨트 팬츠 [미디엄 그레이],"['우먼즈', '더블', '니트', '투', '턱', '와이드', '라운지', '스웨트', '팬츠', '미디엄', '그레이']"
2821697,히티드울 멜턴 더플코트(Wool 60)_네이비,"['히티드울', '멜턴', '더플코트', 'Wool', '60', '네이비']"
2822486,하이넥 레더 무톤 자켓 BROWN,"['하이넥', '레더', '무톤', '자켓', 'BROWN']"
2822486,하이넥 레더 무톤 자켓 BROWN / BLACK,"['하이넥', '레더', '무톤', '자켓', 'BROWN', 'BLACK']"
2825493,프리미어 퓨어 울 발마칸 코트 [MELANGE TAUPE],"['프리미어', '퓨어', '울', '발마칸', '코트']"
2833222,Sunny Subway - MOD1w,"['Sunny', 'Subway']"
2833915,코위찬 니트 집업 가디건_6컬러,"['코위찬', '니트', '집업', '가디건', '6컬러']"
2837412,소프트 울 오버핏 풀오버 라운드 니트 7컬러,"['소프트', '울', '오버핏', '풀오버', '라운드', '니트', '7컬러']"
2838103,ASI 2WAY 헤비웨이트 푸퍼 패딩 자켓_블랙,"['ASI', '헤비웨이트', '푸퍼', '패딩', '자켓', '블랙']"
2851185,하우저3 슬라이드 Safari,"['하우저3', '슬라이드', 'Safari']"
2863075,유니섹스 발마칸 더플 숏 코트 (BLACK),"['유니섹스', '발마칸', '더플', '숏', '코트']"
2863352,에센셜 세미 와이드 코듀로이 팬츠 브라운,"['에센셜', '세미', '와이드', '코듀로이', '팬츠', '브라운']"
2866837,울 블렌드 오버핏 더플 코트 네이비,"['울', '블렌드', '오버핏', '더플', '코트', '네이비']"
2870818,레체 투 톤 덕 다운 패딩 글리터 그린 브라운,"['레체', '투', '톤', '덕', '다운', '패딩', '글리터', '그린', '브라운']"
2870838,리벳 아플리케 포켓 로고 후드 오가닉블랙,"['리벳', '아플리케', '포켓', '로고', '후드', '오가닉블랙']"
2871797,퍼피렛 - 화이트:블랙 / GY1593,"['퍼피렛', '화이트', '블랙']"
2894979,스웨이드 레더 미니 플랫폼 부츠 (클래식 울트라 미니 플랫폼) - 체스넛 / 1135092CHE,"['스웨이드', '레더', '미니', '플랫폼', '부츠', '클래식', '울트라', '미니', '플랫폼', '체스넛']"
2895244,[2팩] 폴카1 패딩 슬리퍼 - 11컬러,"['2팩', '폴카1', '패딩', '슬리퍼', '11컬러']"
2909027,스트럭처드 카고 골덴팬츠 (차콜),"['스트럭처드', '카고', '골덴팬츠', '차콜']"
2913656,오버핏 그래피티 로고 후디-멜란지그레이,"['오버핏', '그래피티', '로고', '후디', '멜란지그레이']"
2913659,오버핏 그래피티 로고 후디-블랙,"['오버핏', '그래피티', '로고', '후디', '블랙']"
2926541,(Renew Ver.) 코듀로이 원턱 와이드 밴딩팬츠 ( 5Color ),"['코듀로이', '원턱', '와이드', '밴딩팬츠']"
2965276,다운 샌들 - 도트 / SB-630,"['다운', '샌들', '도트']"
2970541,피치스킨 러스티 로고 스웨트셔츠 [블랙],"['피치스킨', '러스티', '로고', '스웨트셔츠', '블랙']"
2970542,피치스킨 러스티 로고 스웨트셔츠 [웜그레이],"['피치스킨', '러스티', '로고', '스웨트셔츠', '웜그레이']"
2970544,피치스킨 러스티 로고 스웨트셔츠 [딥블루],"['피치스킨', '러스티', '로고', '스웨트셔츠', '딥블루']"
2985378,에비에이터 B-3 무스탕 자켓 [블랙/화이트],"['에비에이터', '무스탕', '자켓', '블랙', '화이트']"
2990274,SMALL CENTER 맨투맨 (STMSTD-0015),"['SMALL', 'CENTER', '맨투맨']"
2990438,1989 자수 후드 (STHSTD-0025),"['자수', '후드']"
2990463,SMALL CENTER 후드 (STHSTD-0015),"['SMALL', 'CENTER', '후드']"
2990516,RV_OUR 1989 후드 (STHSTD-0004),['후드']
2995119,컬러 배색 1992 그래픽 후드 (NAVY),"['컬러', '배색', '그래픽', '후드']"
2996683,[24FW] 울(WOOL) 2-WAY 헤링턴 자켓_3COLOR,"['울', 'WOOL', '헤링턴']"
3008039,아디폼 슈퍼스타 - 화이트:블랙 / HQ8750,"['아디폼', '슈퍼스타', '화이트', '블랙']"
3008047,아디폼 슈퍼스타 - 블랙:화이트 / HQ8752,"['아디폼', '슈퍼스타', '블랙', '화이트']"
3012570,워크샵 디비전 피그먼트 후드티 블랙 차콜,"['워크샵', '디비전', '피그먼트', '후드티', '블랙', '차콜']"
3019653,화란 세미오버 니트 ( 20COLOR ),"['화란', '세미오버', '니트']"
3026606,오버핏 그래피티 로고 후디-오트밀,"['오버핏', '그래피티', '로고', '후디', '오트밀']"
3029780,KM011L 카우레더 클래식 와이드 롱 부츠 천연가죽 ver. ｜ Black (블랙),"['카우레더', '클래식', '와이드', '롱', '부츠', '천연가죽', 'Black', '블랙']"
3038012,와이드 스웻팬츠_그레이,"['와이드', '스웻팬츠', '그레이']"
3046006,재스퍼 스니커즈 Beige,"['재스퍼', '스니커즈', 'Beige']"
3046012,재스퍼 스니커즈 Camel,"['재스퍼', '스니커즈', 'Camel']"
3046014,재스퍼 락 스니커즈 Safari Blue,"['재스퍼', '락', '스니커즈', 'Safari', 'Blue']"
3046300,30’S CINCH BACK SELVEDGE WIDE PANTS_INDIGO,"['CINCH', 'BACK', 'SELVEDGE', 'WIDE']"
3050501,[2pack] 루즈핏 롱슬리브,"['루즈핏', '롱슬리브']"
3054701,레이지보이 벌룬 핏 데님_딥블루,"['레이지보이', '벌룬', '핏', '데님', '딥블루']"
3054704,레이지보이 벌룬 핏 데님_페이디드블루,"['레이지보이', '벌룬', '핏', '데님', '페이디드블루']"
3056018,코튼 투웨이 벌룬 니트 집업 [네이비],"['코튼', '투웨이', '벌룬', '니트', '집업', '네이비']"
3066189,AEROCOOL LONG SLV TEE 2PACK,"['AEROCOOL', 'LONG', 'SLV', 'TEE']"
3075469,우먼스 스몰라쿠 와이드 팬츠(블랙),"['우먼스', '스몰라쿠', '와이드', '팬츠', '블랙']"
3083790,아크 롤링 오버핏 기모 후드 5종 네이비 SOHD2469,"['아크', '롤링', '오버핏', '기모', '후드', '5종', '네이비']"
3095043,EVERYDAY AECA CLOVER HOODIE-NAVY,"['EVERYDAY', 'AECA', 'CLOVER']"
3095384,원턱 와이드 스웨트 카고팬츠 카키,"['원턱', '와이드', '스웨트', '카고팬츠', '카키']"
3095387,원턱 와이드 스웨트 카고팬츠 블랙,"['원턱', '와이드', '스웨트', '카고팬츠', '블랙']"
3115168,dress (black),['dress']
3124490,프론트 워싱 와이드 데님 팬츠 (YELLOW BLACK),"['프론트', '워싱', '와이드', '데님', '팬츠']"
3124492,프론트 워싱 와이드 데님 팬츠 (NORMAL BLACK),"['프론트', '워싱', '와이드', '데님', '팬츠']"
3128322,WTRD1602-1 마스 볼륨 스퀘어토 2홀 왈라비 더비슈즈 베이지 [240~290mm],"['마스', '볼륨', '스퀘어토', '2홀', '왈라비', '더비슈즈', '베이지']"
3139329,(기모추가) 딥 턱 벌룬핏 스웨트 조거 팬츠 (MELANGE GRAY),"['기모추가', '딥', '턱', '벌룬핏', '스웨트', '조거', '팬츠']"
3139359,(기모추가) 딥 턱 벌룬핏 스웨트 조거 팬츠 (BLACK),"['기모추가', '딥', '턱', '벌룬핏', '스웨트', '조거', '팬츠']"
3156291,dress (dark brown),['dress']
3158061,[2pack] 메인 스몰 로고 에어 머슬핏 숏 슬리브,"['메인', '스몰', '로고', '에어', '머슬핏', '숏', '슬리브']"
3170022,Blue Planet - MOD7s,"['Blue', 'Planet']"
3171863,스크레치 데님팬츠 그레이 KMLP6686,"['스크레치', '데님팬츠', '그레이']"
3172980,ACS+ - 화이트:화이트:실버 / L47236700,"['화이트', '화이트', '실버']"
3201316,듀러블 롱 벌룬 팬츠 (크림),"['듀러블', '롱', '벌룬', '팬츠', '크림']"
3206723,Extra Wide Balloon Pants - Deep Blue,"['Extra', 'Wide', 'Balloon', 'Pants', 'Deep', 'Blue']"
3206724,Extra Wide Balloon Pants - Black,"['Extra', 'Wide', 'Balloon', 'Pants', 'Black']"
3223007,( 2PACK ) 퓨어코튼 레이어드 체인 반팔티,"['퓨어코튼', '레이어드', '체인', '반팔티']"
3223808,원턱 와이드 스웨트 팬츠 [블랙],"['원턱', '와이드', '스웨트', '팬츠', '블랙']"
3260637,BB 트랙탑 - 스카이블루 / IK9150,"['BB', '트랙탑', '스카이블루']"
3276429,SHOWER - 808 (a),['SHOWER']
3286918,3PACK SMALL REGULAR LOGO TEE mix,"['SMALL', 'REGULAR', 'LOGO', 'TEE', 'mix']"
3290281,버뮤다 - 핑크 / GY7386,"['버뮤다', '핑크']"
3296330,1785 LIGHT GREY JEANS [WIDE STRAIGHT],"['LIGHT', 'GREY', 'JEANS']"
3302463,심볼 에어 머슬핏 숏 슬리브,"['심볼', '에어', '머슬핏', '숏', '슬리브']"
3302488,가젤 볼드  W - 그레이:화이트 / HQ6893,"['가젤', '볼드', 'W', '그레이', '화이트']"
3316989,[2PACK] 와이드 데님 팬츠,"['와이드', '데님', '팬츠']"
3318329,아디폼 스탠 뮬 W - 핑크 베이지 / IE7052,"['아디폼', '스탠', '뮬', 'W', '핑크', '베이지']"
3318331,아디폼 스탠 뮬 W - 블랙 / IE4626,"['아디폼', '스탠', '뮬', 'W', '블랙']"
3346087,우먼즈 캐시미어 블렌드 발마칸 로브 코트 [토프],"['우먼즈', '캐시미어', '블렌드', '발마칸', '로브', '코트', '토프']"
3347848,메이트 블랙,"['메이트', '블랙']"
3366788,가젤 인도어 - 그린 / IG1596,"['가젤', '인도어', '그린']"
3377448,(여성) 클리프톤 9 와이드 - 화이트 / 1132211-WWH,"['여성', '클리프톤', '와이드', '화이트']"
3378508,립스탑 다운 푸퍼 숏 패딩 재킷 [블랙],"['립스탑', '다운', '푸퍼', '숏', '패딩', '재킷', '블랙']"
3378514,데일리 푸퍼 숏 패딩 재킷 [블랙],"['데일리', '푸퍼', '숏', '패딩', '재킷', '블랙']"
3378515,데일리 푸퍼 숏 패딩 재킷 [라이트 그레이],"['데일리', '푸퍼', '숏', '패딩', '재킷', '라이트', '그레이']"
3378526,시티 레저 다운 패딩 베스트 [블랙],"['시티', '레저', '다운', '패딩', '베스트', '블랙']"
3378528,시티 레저 다운 숏 패딩 재킷 [블랙],"['시티', '레저', '다운', '숏', '패딩', '재킷', '블랙']"
3378536,코튼 파라슈트 카고 팬츠 [블랙],"['코튼', '파라슈트', '카고', '팬츠', '블랙']"
3390508,87-STAN009 [비건 스웨이드] 스탠다드 블루종 스웨이드 자켓 블랙,"['비건', '스웨이드', '스탠다드', '블루종', '스웨이드', '자켓', '블랙']"
3390511,87-STAN009 [비건 스웨이드] 스탠다드 블루종 스웨이드 자켓 카키,"['비건', '스웨이드', '스탠다드', '블루종', '스웨이드', '자켓', '카키']"
3395772,미니멀 후디드 다운 숏 패딩 재킷 [블랙],"['미니멀', '후디드', '다운', '숏', '패딩', '재킷', '블랙']"
3404705,시티 레저 CN 와이드 벨티드 파라슈트 팬츠 [블랙],"['시티', '레저', 'CN', '와이드', '벨티드', '파라슈트', '팬츠', '블랙']"
3404707,시티 레저 와이드 벨티드 카고 팬츠 [블랙],"['시티', '레저', '와이드', '벨티드', '카고', '팬츠', '블랙']"
3405535,울 블렌드 빅 대디 싱글 맥시 코트 [블랙],"['울', '블렌드', '빅', '대디', '싱글', '맥시', '코트', '블랙']"
3405552,울 블렌드 오버사이즈 더플 코트 [네이비],"['울', '블렌드', '오버사이즈', '더플', '코트', '네이비']"
3405570,우먼즈 캐시미어 블렌드 트렌치 코트 [차콜 그레이],"['우먼즈', '캐시미어', '블렌드', '트렌치', '코트', '차콜', '그레이']"
3411543,속기모 나일론 와이드 스트링 팬츠 [블랙],"['속기모', '나일론', '와이드', '스트링', '팬츠', '블랙']"
3411546,우먼즈 스트레이트 코듀로이 팬츠 [크림],"['우먼즈', '스트레이트', '코듀로이', '팬츠', '크림']"
3411549,우먼즈 스트레이트 코듀로이 팬츠 [브라운],"['우먼즈', '스트레이트', '코듀로이', '팬츠', '브라운']"
3416013,어글리 대디 매쉬 운동화 (트리플 블랙),"['어글리', '대디', '매쉬', '운동화', '트리플', '블랙']"
3417694,MARYAM GRAINY - 647 (a) VIBRAM,"['MARYAM', 'GRAINY', 'VIBRAM']"
3417707,우먼즈 슬림 크루 넥 긴소매 티셔츠 [블랙],"['우먼즈', '슬림', '크루', '넥', '긴소매', '티셔츠', '블랙']"
3417709,우먼즈 슬림 크루 넥 긴소매 티셔츠 [화이트],"['우먼즈', '슬림', '크루', '넥', '긴소매', '티셔츠', '화이트']"
3422194,우먼즈 데일리 푸퍼 숏 패딩 재킷 [블랙],"['우먼즈', '데일리', '푸퍼', '숏', '패딩', '재킷', '블랙']"
3435627,코튼 리브드 크루 넥 니트 [블랙],"['코튼', '리브드', '크루', '넥', '니트', '블랙']"
3435628,코튼 리브드 크루 넥 니트 [미디엄 그레이],"['코튼', '리브드', '크루', '넥', '니트', '미디엄', '그레이']"
3439044,[기모 선택] 더블 사이드 라인 트랙 버티컬 팬츠 (DARK NAVY),"['기모', '선택', '더블', '사이드', '라인', '트랙', '버티컬', '팬츠']"
3439063,[기모 선택] 더블 사이드 라인 트랙 버티컬 팬츠 (BLACK),"['기모', '선택', '더블', '사이드', '라인', '트랙', '버티컬', '팬츠']"
3439084,[기모 선택] 더블 사이드 라인 트랙 버티컬 팬츠 (BROWN),"['기모', '선택', '더블', '사이드', '라인', '트랙', '버티컬', '팬츠']"
3439979,(패딩or논패딩 선택) 코듀로이 래글런 자켓_네이비,"['패딩or논패딩', '선택', '코듀로이', '래글런', '자켓', '네이비']"
3440017,(기모옵션추가) 이지 와이드 데님 팬츠 빈티지 워시드 블루,"['기모옵션추가', '이지', '와이드', '데님', '팬츠', '빈티지', '워시드', '블루']"
3440410,RACING ZIP-UP KNIT,"['RACING', 'KNIT']"
3440439,커브드 투웨이 항공 패딩 점퍼 5COLOR COOSJP045,"['커브드', '투웨이', '항공', '패딩', '점퍼']"
3440439,커브드 투웨이 항공 패딩 점퍼 블랙 5COLOR COOSJP045BLACK,"['커브드', '투웨이', '항공', '패딩', '점퍼', '블랙']"
3441876,에비에이터 B-3 무스탕 자켓 [말보로],"['에비에이터', '무스탕', '자켓', '말보로']"
3442674,THUNDER  브러쉬드 니트 - 네이비,"['THUNDER', '브러쉬드', '니트', '네이비']"
3442679,THUNDER  브러쉬드 니트 - 핑크,"['THUNDER', '브러쉬드', '니트', '핑크']"
3443300,트레이닝 핀턱 와이드 팬츠 5colors,"['트레이닝', '핀턱', '와이드', '팬츠']"
3443507,코튼 와이드 카고 팬츠_블랙_PL179,"['코튼', '와이드', '카고']"
3444706,TAG CREWNECK - BLACK,"['TAG', 'CREWNECK', 'BLACK']"
3445112,NEW BELLA QUILTED MARYJANE - 6color,"['NEW', 'BELLA', 'QUILTED', 'MARYJANE']"
3448767,인텔리 코튼 크루넥 니트 네이비,"['인텔리', '코튼', '크루넥', '니트', '네이비']"
3451036,스탠다드 래글런 케이블 니트 : 13컬러,"['스탠다드', '래글런', '케이블', '니트', '13컬러']"
3451265,CROPPED HAIRY KNIT - MARINA,"['CROPPED', 'HAIRY', 'KNIT', 'MARINA']"
3451315,SKADI DUCK DOWN - GLOSSY GRAY,"['SKADI', 'DUCK', 'DOWN', 'GLOSSY', 'GRAY']"
3452177,코듀로이 와이드 밴딩 팬츠 (BROWN),"['코듀로이', '와이드', '밴딩', '팬츠']"
3452344,세터 아플리케 리벳 후드 클래식 네이비,"['세터', '아플리케', '리벳', '후드', '클래식', '네이비']"
3455684,SUB_F113 Beige,['Beige']
3458174,공용) 코튼 베이직 반팔티 3PACK_MSE5TS3001,"['공용', '코튼', '베이직', '반팔티']"
3463298,투톤아치 후드_그레이,"['투톤아치', '후드', '그레이']"
3465134,투어리스트 발마칸 코트 네이비,"['투어리스트', '발마칸', '코트', '네이비']"
3465159,리가즈 해링턴 블루종 네이비,"['리가즈', '해링턴', '블루종', '네이비']"
3465162,리가즈 해링턴 블루종 차콜,"['리가즈', '해링턴', '블루종', '차콜']"
3465171,소프트 텍스쳐 세미 오버핏 데일리 니트_8 COLOR,"['소프트', '텍스쳐', '세미', '오버핏', '데일리', '니트', '8', 'COLOR']"
3467143,와이드 데님 팬츠 [미디엄 블루],"['와이드', '데님', '팬츠', '미디엄', '블루']"
3467384,와이드 빅포켓 코튼 카고 밴딩 팬츠 [카키],"['와이드', '빅포켓', '코튼', '카고', '밴딩', '팬츠', '카키']"
3468399,하프 집업 카라넥 케이블 니트 [블랙],"['하프', '집업', '카라넥', '케이블', '니트', '블랙']"
3469199,ASI All-Sunday 와이드 데님 팬츠_그레이,"['ASI', '와이드', '데님', '팬츠', '그레이']"
3469210,원턱 파라슈트 카고 데님팬츠_그레이,"['원턱', '파라슈트', '카고', '데님팬츠', '그레이']"
3470403,코어 패딩 자켓 (5colors),"['코어', '패딩', '자켓']"
3475395,[기모버전추가]시그니처 오버핏 맨투맨(4col),"['기모버전추가', '시그니처', '오버핏']"
3475618,스티치 와이드 스웨트 팬츠 [블랙],"['스티치', '와이드', '스웨트', '팬츠', '블랙']"
3476408,플러 반 집업 카라 스웻 [블랙],"['플러', '반', '집업', '카라', '스웻', '블랙']"
3477392,2024 롱 캐논 유러피언 구스다운 블랙(SP323SDJ91),"['롱', '캐논', '유러피언', '구스다운']"
3481219,벨란디 캐시미어 블렌드 발마칸 코트 (블랙),"['벨란디', '캐시미어', '블렌드', '발마칸', '코트', '블랙']"
3481221,벨란디 캐시미어 블렌드 발마칸 코트 (신더그레이),"['벨란디', '캐시미어', '블렌드', '발마칸', '코트', '신더그레이']"
3481226,[힛탠다드] 크루 넥 긴팔 티셔츠 [화이트],"['힛탠다드', '크루', '넥', '긴팔', '티셔츠', '화이트']"
3481826,리브드 니트 후디드 집업 [미디엄 그레이],"['리브드', '니트', '후디드', '집업', '미디엄', '그레이']"
3485453,ZERO DERBY 더비 01,"['ZERO', 'DERBY', '더비']"
3485970,ZERO CHELSEA 첼시 01,"['ZERO', 'CHELSEA', '첼시']"
3487625,리버시블 컴피보아 집업 자켓 아이보리,"['리버시블', '컴피보아', '집업', '자켓', '아이보리']"
3494992,워셔블 케이블 라운드 니트 - 5 COLOR,"['워셔블', '케이블', '라운드', '니트', 'COLOR']"
3495320,[SET] 스테디 니트 세트,"['스테디', '니트', '세트']"
3498319,크루넥 리브 오버핏 하찌 니트 - 8 COLOR [ONE OR TWO],"['크루넥', '리브', '오버핏', '하찌', '니트', 'COLOR', 'OR']"
3503598,[SET] [기모VER.] [스트링 OR 카고 선택] 나일론 팬츠_9COLOR,"['기모VER', '스트링', 'OR', '카고', '선택', '나일론']"
3510971,Santiago Slacks (Black),"['Santiago', 'Slacks']"
3511387,3STARS LOGO KNIT HOODIE_IVORY(NG2DFUK610A),"['LOGO', 'KNIT']"
3515648,N234UFJ910 코스토니 플리스 뽀글이 후드 집업 WHITE,"['코스토니', '플리스', '뽀글이', '후드', '집업', 'WHITE']"
3520046,HT8717 웨어에버 와이드 데님 (MID BRUSH),"['웨어에버', '와이드', '데님']"
3521259,노마드 헤어리 니트 BLACK,"['노마드', '헤어리', '니트', 'BLACK']"
3525289,[-6cm 숏버전 추가] M210 더티 오일 워싱 데님_진청,"['숏버전', '추가', '더티', '오일', '워싱', '데님', '진청']"
3528681,Parachute Nylon Cargo Pants - Khaki,"['Parachute', 'Nylon', 'Cargo', 'Pants', 'Khaki']"
3529155,숏 퀼팅 자켓 차콜,"['숏', '퀼팅', '자켓', '차콜']"
3530581,VSW Hairy Wave Stripe Knit Navy,"['VSW', 'Hairy', 'Wave', 'Stripe', 'Knit', 'Navy']"
3530828,Travail Box Denim Pants - INDIGO,"['Travail', 'Box', 'Denim', 'Pants', 'INDIGO']"
3531650,[삭형x로맨틱무브] 세미 스퀘어토 키높이 더비 R23M350 (블랙),"['삭형x로맨틱무브', '세미', '스퀘어토', '키높이', '더비', '블랙']"
3531673,[삭형x로맨틱무브] 세미 스퀘어토 키높이 첼시부츠 R23M351 (블랙),"['삭형x로맨틱무브', '세미', '스퀘어토', '키높이', '첼시부츠', '블랙']"
3533479,스페이스 헤비코튼 후드 딥그레이 KMHD6723,"['스페이스', '헤비코튼', '후드', '딥그레이']"
3533480,스페이스 헤비코튼 후드 버건디 KMHD6723,"['스페이스', '헤비코튼', '후드', '버건디']"
3533482,스페이스 헤비코튼 후드 카키 KMHD6723,"['스페이스', '헤비코튼', '후드', '카키']"
3535181,여성 숏랭스 스탠드 카라 푸퍼 재킷 J224676 YBI,"['여성', '숏랭스', '스탠드', '카라', '푸퍼', '재킷', 'YBI']"
3536576,CLOUDY FLATFORM FUR SLINGBACK - 5color,"['CLOUDY', 'FLATFORM', 'FUR', 'SLINGBACK']"
3536770,크롭 레이어드 푸퍼 자켓 (블랙),"['크롭', '레이어드', '푸퍼', '자켓', '블랙']"
3539169,워셔블 투 톤 크루넥 그래픽 니트 (KHAKI),"['워셔블', '투', '톤', '크루넥', '그래픽', '니트']"
3539176,워셔블 투 톤 크루넥 그래픽 니트 (BLACK),"['워셔블', '투', '톤', '크루넥', '그래픽', '니트']"
3539902,에센셜 헤어리 라운드 니트_핑크,"['에센셜', '헤어리', '라운드', '니트', '핑크']"
3539903,에센셜 헤어리 라운드 니트_스카이블루,"['에센셜', '헤어리', '라운드', '니트', '스카이블루']"
3539904,에센셜 헤어리 라운드 니트_라이트 그레이,"['에센셜', '헤어리', '라운드', '니트', '라이트', '그레이']"
3539905,에센셜 헤어리 라운드 니트_라이트 그린,"['에센셜', '헤어리', '라운드', '니트', '라이트', '그린']"
3539913,2WAY 헤비웨이트 케이블 니트 후드 집업_오트밀,"['헤비웨이트', '케이블', '니트', '후드', '집업', '오트밀']"
3540248,(FW23) T-Logo Hoodie Heather Grey,"['Hoodie', 'Heather', 'Grey']"
3541079,논 퀼팅 크롭 패딩 점퍼 (BLACK),"['논', '퀼팅', '크롭', '패딩', '점퍼']"
3541136,여성 볼륨 넥 크롭 다운 푸퍼 J225572,"['여성', '볼륨', '넥', '크롭', '다운', '푸퍼']"
3541136,여성 볼륨 넥 크롭 다운 푸퍼 J225572 BEH,"['여성', '볼륨', '넥', '크롭', '다운', '푸퍼', 'BEH']"
3541137,여성 볼륨 넥 크롭 다운 푸퍼 J225572 YBI,"['여성', '볼륨', '넥', '크롭', '다운', '푸퍼', 'YBI']"
3541141,남녀공용 릴렉스핏 베이직 숏 푸퍼 J400477,"['남녀공용', '릴렉스핏', '베이직', '숏', '푸퍼']"
3541141,남녀공용 릴렉스핏 베이직 숏 푸퍼 J400477 BEH,"['남녀공용', '릴렉스핏', '베이직', '숏', '푸퍼', 'BEH']"
3541145,남녀공용 릴렉스핏 숏 블로킹 다운 푸퍼 J400479 BEH,"['남녀공용', '릴렉스핏', '숏', '블로킹', '다운', '푸퍼', 'BEH']"
3541306,Dung Ji 소가죽 양털퍼 방한 어그로퍼 5cm,"['Dung', 'Ji', '소가죽', '양털퍼', '방한', '어그로퍼']"
3541310,Ador 3color 소가죽 양털퍼 방한 어그부츠 5cm,"['Ador', '소가죽', '양털퍼', '방한', '어그부츠']"
3544148,[2PACK] EL 스트리트 아트워크 오버핏 후드티 2종 패키지,"['EL', '스트리트', '아트워크', '오버핏', '후드티', '2종', '패키지']"
3546288,클로버  자수 스웨트셔츠_네이비,"['클로버', '자수', '스웨트셔츠', '네이비']"
3548071,RX 슬라이드 3.0 - 블랙:플럼 키튼:페더 그레이 / L47298400,"['RX', '슬라이드', '블랙', '플럼', '키튼', '페더', '그레이']"
3549188,OVERSIZE VELOUR V-NECK L/S TEE(GREY),"['OVERSIZE', 'VELOUR']"
3552584,소프트 캐시미어 싱글 발마칸 코트 [M.GREY],"['소프트', '캐시미어', '싱글', '발마칸', '코트']"
3552585,소프트 캐시미어 싱글 발마칸 코트 [BLACK],"['소프트', '캐시미어', '싱글', '발마칸', '코트']"
3553883,CWU 리버서블 플라이트 봄버 (블랙),"['CWU', '리버서블', '플라이트', '봄버', '블랙']"
3559721,윈터 퍼그 부츠 [블랙],"['윈터', '퍼그', '부츠', '블랙']"
3559722,윈터 퍼그 부츠 [라이트 브라운],"['윈터', '퍼그', '부츠', '라이트', '브라운']"
3562068,KENSINGTON SHIRT,"['KENSINGTON', 'SHIRT']"
3563036,NBNPE41913 / 남여공용 액티브 라이트 다운 자켓 (4컬러),"['남여공용', '액티브', '라이트', '다운', '자켓', '4컬러']"
3563303,OVERSIZED CASHMERE BALMACAAN COAT NAVY,"['OVERSIZED', 'CASHMERE', 'BALMACAAN', 'COAT', 'NAVY']"
3564173,코듀로이 숏 패딩 아이보리,"['코듀로이', '숏', '패딩', '아이보리']"
3564177,코듀로이 숏 패딩 블랙,"['코듀로이', '숏', '패딩', '블랙']"
3568898,[ATW x HOOLIGAN] 로고 와이드밴딩 팬츠,"['x', '로고', '와이드밴딩', '팬츠']"
3568935,OVATE - 500 (a),['OVATE']
3574952,N234MDW930 남성 타루가 퍼 트리밍 후디 다운 점퍼  MC GREY,"['남성', '타루가', '퍼', '트리밍', '후디', '다운', '점퍼', 'MC', 'GREY']"
3575358,(우먼) WAVE 로고 Hype 글로시 컬러링 크롭 푸퍼_6color,"['우먼', 'WAVE', '로고', 'Hype', '글로시', '컬러링', '크롭']"
3575430,Side Big Cargo Pants CAMO,"['Side', 'Big', 'Cargo', 'Pants', 'CAMO']"
3576613,DWARF DENIM PANTS (DENIM),"['DWARF', 'DENIM', 'PANTS']"
3576618,DWARF DENIM PANTS (BLACK),"['DWARF', 'DENIM', 'PANTS']"
3578658,BB 트랙탑 - 마룬 / IN1000,"['BB', '트랙탑', '마룬']"
3578661,BB 트랙 팬츠 - 쉐도우그린 / IN1005,"['BB', '트랙', '팬츠', '쉐도우그린']"
3581743,[2PACK]VINTAGE WASHING LONG SLEEVE TEE_VINTAGE OLIVE/VINTAGE CHARCOAL,"['WASHING', 'LONG', 'SLEEVE', 'CHARCOAL']"
3582805,ALL DAY HOODIE [BROWN],"['ALL', 'DAY', 'HOODIE']"
3583487,워터 리펠런트 구스다운 점퍼 (블랙),"['워터', '리펠런트', '구스다운', '점퍼', '블랙']"
3583652,오버사이즈 알파카 블렌드 더플 코트 (다크그레이멜란지),"['오버사이즈', '알파카', '블렌드', '더플', '코트', '다크그레이멜란지']"
3583772,스웨이드 레더 미니 플랫폼 부츠 (클래식 울트라 미니 플랫폼)W-번트시더 / 1135092BCDR,"['스웨이드', '레더', '미니', '플랫폼', '부츠', '클래식', '울트라', '미니', '플랫폼', 'W', '번트시더']"
3584973,(우먼) 울(WOOL) 후드 더플 하프 코트_네이비,"['우먼', '울', 'WOOL', '후드', '더플', '하프', '코트', '네이비']"
3585098,[WOOL 80] 울 세미오버핏 더플 코트_네이비,"['울', '세미오버핏', '더플', '코트', '네이비']"
3585220,(덕 다운) 코듀로이 헤링턴 다운 점퍼_카멜,"['덕', '다운', '코듀로이', '헤링턴', '다운', '점퍼', '카멜']"
3585225,(덕 다운) 코듀로이 헤링턴 다운 점퍼_네이비,"['덕', '다운', '코듀로이', '헤링턴', '다운', '점퍼', '네이비']"
3585225,[코듀로이 OR 나일론] 덕 다운 헤링턴 다운 점퍼_3COLOR,"['코듀로이', 'OR', '나일론', '덕', '다운', '헤링턴', '다운']"
3588413,베켄바우어 트랙탑 - 블랙:화이트 / II5763,"['베켄바우어', '트랙탑', '블랙', '화이트']"
3590467,글로시 크롭 푸퍼 패딩_3Color,"['글로시', '크롭', '푸퍼']"
3596063,2WAY 크롭 코듀로이 드리즐러 자켓_브라운,"['크롭', '코듀로이', '드리즐러', '자켓', '브라운']"
3596906,[2PACK]Mid Rise Wide Jeans DCPT027,"['Rise', 'Wide', 'Jeans']"
3598798,[WOMEN] 인/아웃 슬립온 - 블랙 WFF1007WWUBLK,"['인', '아웃', '슬립온', '블랙']"
3598800,[WOMEN] 인/아웃 슬립온 - 화이트윌로우 WFF1007WWUWWG,"['인', '아웃', '슬립온', '화이트윌로우']"
3598806,[MEN] 인/아웃 푸퍼 니트 커프 부츠 - 블랙 MFS9002RENBLK,"['인', '아웃', '푸퍼', '니트', '커프', '부츠', '블랙']"
3598811,[WOMEN] 인/아웃 푸퍼 니트 커프 부츠 - 블랙 WFS2265RENBLK,"['인', '아웃', '푸퍼', '니트', '커프', '부츠', '블랙']"
3599167,여성 올리브 글로우 다운(BLACK),"['여성', '올리브', '글로우', '다운', 'BLACK']"
3600897,여성 켈리 구스다운 롱패딩 (BLACK),"['여성', '켈리', '구스다운', '롱패딩']"
3602750,007 포켓 숏푸퍼_블랙,"['포켓', '숏푸퍼', '블랙']"
3603134,스트라이프 멀티 니트 (네이비),"['스트라이프', '멀티', '니트', '네이비']"
3604263,NOI1067 라이트웨이트 다운 자켓 (블랙),"['라이트웨이트', '다운', '자켓', '블랙']"
3605481,LESLIE BOOTS (레슬리 부츠) 블랙(UP423ETPO1),"['LESLIE', 'BOOTS', '레슬리', '부츠']"
3610860,FOAT - 505 (a),['FOAT']
3612758,KARAKORAM DOWN PARKA 005 _ DARK GREEN,"['KARAKORAM', 'DOWN', 'PARKA', 'DARK', 'GREEN']"
3613064,203 SOLID SILHOUETTE WIDE PANTS [BLACK],"['SOLID', 'SILHOUETTE', 'WIDE', 'PANTS']"
3613296,논페이드 와이드 데님팬츠[딥블루인디고],"['논페이드', '와이드', '데님팬츠', '딥블루인디고']"
3614011,NBRJEF020A / 퍼플리 (BEIGE),['퍼플리']
3616463,오버핏 심볼 로고 후드 패딩-그레이,"['오버핏', '심볼', '로고', '후드', '패딩', '그레이']"
3616470,오버핏 심볼 로고 후드 패딩-블랙,"['오버핏', '심볼', '로고', '후드', '패딩', '블랙']"
3616974,가젤 볼드 W - 베이지:그린 / ID7056,"['가젤', '볼드', 'W', '베이지', '그린']"
3618780,울리치 트렌치 맥코트_5Color,"['울리치', '트렌치']"
3619060,스노우배 부츠 우먼스 - 블랙 / 393920-01,"['스노우배', '부츠', '우먼스', '블랙']"
3619061,스노우배 부츠 우먼스 - 아이보리 / 393920-02,"['스노우배', '부츠', '우먼스', '아이보리']"
3619062,스노우배 부츠 우먼스 - 베이지 / 393920-04,"['스노우배', '부츠', '우먼스', '베이지']"
3621982,CLASSIC LOGO DUCK DOWN PUFFER black,"['CLASSIC', 'LOGO', 'DUCK', 'DOWN', 'PUFFER', 'black']"
3624443,Jacquard hoodie cardigan,"['Jacquard', 'hoodie', 'cardigan']"
3628915,[ENTRY] 2308 6.5CM 카우하이드 더비,"['카우하이드', '더비']"
3633596,[오정규 x 식스핏] NORM CHELSEA 첼시,"['오정규', 'x', '식스핏', 'NORM', 'CHELSEA', '첼시']"
3633649,[오정규 x 식스핏] NORM WALLABEE 왈라비,"['오정규', 'x', '식스핏', 'NORM', 'WALLABEE', '왈라비']"
3634620,Insulated Hiking Jacket Black,"['Insulated', 'Hiking', 'Jacket', 'Black']"
3634631,Insulated Hiking Jacket Grey Olive,"['Insulated', 'Hiking', 'Jacket', 'Grey', 'Olive']"
3635002,하이넥 라인 무스탕 자켓 (3Color),"['하이넥', '라인', '무스탕', '자켓']"
3640947,워셔블 아란 케이블 후드 집업 니트 (IVORY),"['워셔블', '아란', '케이블', '후드', '집업', '니트']"
3640949,워셔블 아란 케이블 후드 집업 니트 (CHARCOAL),"['워셔블', '아란', '케이블', '후드', '집업', '니트']"
3642581,파라슈트 카고 리벳 데님 팬츠 (BLACK),"['파라슈트', '카고', '리벳', '데님', '팬츠']"
3650001,릴리 부클 니트 스웨터_차콜,"['릴리', '부클', '니트', '스웨터', '차콜']"
3650953,(겨울원단) 에센셜 세미 와이드 슬랙스 (BROWN),"['겨울원단', '에센셜', '세미', '와이드', '슬랙스']"
3650955,(겨울원단) 에센셜 세미 와이드 슬랙스 (BLACK),"['겨울원단', '에센셜', '세미', '와이드', '슬랙스']"
3650974,스웨이드 리벳 블루종 집업 자켓 (BROWN),"['스웨이드', '리벳', '블루종', '집업', '자켓']"
3656142,[COMFY]케이블세미오버핏니트 - 7color MYKT71A3,"['COMFY', '케이블세미오버핏니트']"
3656540,Voyager Balmacaan Coat (Dark Navy),"['Voyager', 'Balmacaan', 'Coat']"
3661328,suede mustang coat-beige,"['suede', 'mustang']"
3666524,투턱 베이직 와이드 데님 팬츠 블랙,"['투턱', '베이직', '와이드', '데님', '팬츠', '블랙']"
3666529,원턱 코듀로이 팬츠 코코아,"['원턱', '코듀로이', '팬츠', '코코아']"
3667321,원형 백 로고 후드티 (3컬러),"['원형', '백', '로고', '후드티', '3컬러']"
3669072,[2PACK] Tompkins® Loopwheeled Tubular Tee,"['Loopwheeled', 'Tubular', 'Tee']"
3671136,라이트 쉘 패디드 자켓_블랙,"['라이트', '쉘', '패디드', '자켓', '블랙']"
3674341,투턱 와이드 롱 스웨트 팬츠 [블랙],"['투턱', '와이드', '롱', '스웨트', '팬츠', '블랙']"
3674342,투턱 와이드 롱 스웨트 팬츠 [그레이],"['투턱', '와이드', '롱', '스웨트', '팬츠', '그레이']"
3675284,소프트 LTMT 오버 후디 (블루),"['소프트', 'LTMT', '오버', '후디', '블루']"
3676631,에코퍼 하이넥 무스탕 쟈켓,"['에코퍼', '하이넥', '무스탕', '쟈켓']"
3681232,팔레르모 스페셜 - 핑크:그린:검 / 397549-01,"['팔레르모', '스페셜', '핑크', '그린', '검']"
3682262,토바코 그루엔 - 브라운 / GX6941,"['토바코', '그루엔', '브라운']"
3682923,시어링 클로그 FLFDDF4W03,"['시어링', '클로그']"
3684419,더블니 85283 루즈핏 워크팬츠 Black,"['더블니', '루즈핏', '워크팬츠', 'Black']"
3689454,에센셜 푸퍼 덕다운 숏 패딩_4 Color,"['에센셜', '푸퍼', '덕다운', '숏', '패딩', '4', 'Color']"
3690587,[최종우X시그니처]소프트 헤비 코듀로이 원턱 밴딩 팬츠[블랙],"['최종우X시그니처', '소프트', '헤비', '코듀로이', '원턱', '밴딩', '팬츠', '블랙']"
3690588,[최종우X시그니처]소프트 헤비 코듀로이 원턱 밴딩 팬츠[차콜],"['최종우X시그니처', '소프트', '헤비', '코듀로이', '원턱', '밴딩', '팬츠', '차콜']"
3690591,[최종우X시그니처]소프트 헤비 코듀로이 원턱 밴딩 팬츠[모카브라운],"['최종우X시그니처', '소프트', '헤비', '코듀로이', '원턱', '밴딩', '팬츠', '모카브라운']"
3696635,패커블 익스클루시브 - 크림 스노우 도트 / KR-330,"['패커블', '익스클루시브', '크림', '스노우', '도트']"
3697580,[2-WAY] 커브드 블록 니트 집업 블랙,"['커브드', '블록', '니트', '집업', '블랙']"
3705719,NJ1DQ50A 남성 1996 눕시 에어 다운 자켓_BLACK,"['남성', '눕시', '에어', '다운', '자켓', 'BLACK']"
3711009,트레이닝 핀턱 배색 와이드 팬츠 블랙,"['트레이닝', '핀턱', '배색', '와이드', '팬츠', '블랙']"
3716632,W/M-65 피쉬테일 야상 패딩 코트(3col),"['피쉬테일', '야상', '패딩']"
3721889,홀리 홀스하이드 컴포트 더비 슈즈 블랙,"['홀리', '홀스하이드', '컴포트', '더비', '슈즈', '블랙']"
3722416,오리지널 874 워크팬츠 Desert Sand,"['오리지널', '워크팬츠', 'Desert', 'Sand']"
3722417,오리지널 874 워크팬츠 Black,"['오리지널', '워크팬츠', 'Black']"
3727680,[SET] THUNDER 브러쉬드 니트 2PACK,"['THUNDER', '브러쉬드', '니트']"
3732172,세미 와이드 스트레이트 데일리 워싱 데님,"['세미', '와이드', '스트레이트', '데일리', '워싱', '데님']"
3734052,[WOMEN] 인/아웃 패딩 부티 - 블랙 WFF3001WWUBLK,"['인', '아웃', '패딩', '부티', '블랙']"
3734054,[WOMEN] 인/아웃 패딩 부티 - 캔버스크림 WFF3001WWUCCR,"['인', '아웃', '패딩', '부티', '캔버스크림']"
3735509,CASHMERE WOOL CREWNECK KNIT [MELANGE NAVY],"['CASHMERE', 'WOOL', 'CREWNECK', 'KNIT']"
3735510,CASHMERE WOOL CREWNECK KNIT [MELANGE GREY],"['CASHMERE', 'WOOL', 'CREWNECK', 'KNIT']"
3741622,[오정규 x 식스핏] NORM WALLABEE BLACK 왈라비 블랙,"['오정규', 'x', '식스핏', 'NORM', 'WALLABEE', 'BLACK', '왈라비', '블랙']"
3751709,원턱 와이드 스웨트 팬츠  - 3 COLOR [논기모 OR 기모],"['원턱', '와이드', '스웨트', '팬츠', 'COLOR', '논기모', 'OR', '기모']"
3753775,[2PACK] One-tuck banding wide sweatpants_5 color,"['banding', 'wide', 'color']"
3754858,핸드볼 스페지알 - 블랙 / DB3021,"['핸드볼', '스페지알', '블랙']"
3754859,핸드볼 스페지알 - 네이비 / BD7633,"['핸드볼', '스페지알', '네이비']"
3754860,핸드볼 스페지알 - 라이트블루 / BD7632,"['핸드볼', '스페지알', '라이트블루']"
3756839,삼배 W - 화이트:블랙 / IG5744,"['삼배', 'W', '화이트', '블랙']"
3757717,슬랩스틱 더비슈즈,"['슬랩스틱', '더비슈즈']"
3758198,백 사틴 테이퍼드 오피서 팬츠 [카키],"['백', '사틴', '테이퍼드', '오피서', '팬츠', '카키']"
3758256,헤비웨이트 CP 와이드 치노 팬츠 [베이지],"['헤비웨이트', 'CP', '와이드', '치노', '팬츠', '베이지']"
3758301,릴렉스드 워시드 포플린 셔츠 [화이트],"['릴렉스드', '워시드', '포플린', '셔츠', '화이트']"
3760791,척테일러 올스타 시즈널 컬러토탈리 뉴트럴 A06561C,"['척테일러', '올스타', '시즈널', '컬러토탈리', '뉴트럴']"
3771089,베켄바우어 트랙탑 - 블랙 / IY8077,"['베켄바우어', '트랙탑', '블랙']"
3771095,SL 72 W - 브라운 / IE3425,"['SL', 'W', '브라운']"
3771106,핸드볼 스페지알 - 핑크 / IF6561,"['핸드볼', '스페지알', '핑크']"
3771148,핸드볼 스페지알 W - 알루미늄:블랙 / IF6562,"['핸드볼', '스페지알', 'W', '알루미늄', '블랙']"
3772525,팔레르모 - 코발트블루:화이트 / 396463-07,"['팔레르모', '코발트블루', '화이트']"
3773867,[2PACK] 쿨 코튼 티셔츠 블랙+화이트,"['쿨', '코튼', '티셔츠', '블랙', '화이트']"
3777398,WAVE RIDER 10,"['WAVE', 'RIDER']"
3777727,CASHMERE WOOL CREWNECK KNIT [LIGHT GREY],"['CASHMERE', 'WOOL', 'CREWNECK', 'KNIT']"
3780728,남여공용 푸퍼 숏패딩_Black,"['남여공용', '푸퍼', '숏패딩', 'Black']"
3780896,남여공용 푸퍼 숏패딩_Gray,"['남여공용', '푸퍼', '숏패딩', 'Gray']"
3781655,[2PACK]라운드 피셔맨 세미 크롭 니트 11COLOR COOSKT050,"['피셔맨', '세미', '크롭', '니트']"
3782367,[스트레이트] 데님 팬츠 (워시드 블랙),"['스트레이트', '데님', '팬츠', '워시드', '블랙']"
3782754,꽈배기 후드 반집업 니트_Gray,"['꽈배기', '후드', '반집업', '니트', 'Gray']"
3783092,[기모선택] ASI 포시즌 에센셜 피그먼트 후드집업_차콜 그레이,"['기모선택', 'ASI', '포시즌', '에센셜', '피그먼트', '후드집업', '차콜', '그레이']"
3783094,[기모선택] ASI 포시즌 에센셜 스웻 후드집업_멜란지,"['기모선택', 'ASI', '포시즌', '에센셜', '스웻', '후드집업', '멜란지']"
3791889,오버핏 포레스트 체크 셔츠-핑크,"['오버핏', '포레스트', '체크', '셔츠', '핑크']"
3791891,오버핏 포레스트 체크 셔츠-블랙,"['오버핏', '포레스트', '체크', '셔츠', '블랙']"
3791988,데미지 워시드 데님 팬츠-미디엄 블루,"['데미지', '워시드', '데님', '팬츠', '미디엄', '블루']"
3791990,데미지 워시드 데님 팬츠-블랙,"['데미지', '워시드', '데님', '팬츠', '블랙']"
3792018,나일론 투 턱 테이핑 팬츠-블랙,"['나일론', '투', '턱', '테이핑', '팬츠', '블랙']"
3793808,[2PACK]빅사이즈 베이직핏 소프트테리 스웨트 후드티셔츠,"['베이직핏', '소프트테리', '스웨트', '후드티셔츠']"
3794184,레이지보이 벌룬 핏 데님_워시블랙,"['레이지보이', '벌룬', '핏', '데님', '워시블랙']"
3794791,[S사이즈 추가] 웨이비 커브드 와이드 데님 팬츠 [BLUE],"['S사이즈', '추가', '웨이비', '커브드', '와이드', '데님', '팬츠']"
3794792,[S사이즈 추가] 웨이비 커브드 와이드 데님 팬츠 [BLACK],"['S사이즈', '추가', '웨이비', '커브드', '와이드', '데님', '팬츠']"
3797061,프론트 워싱 세미와이드핏 데님[블루블랙],"['프론트', '워싱', '세미와이드핏', '데님', '블루블랙']"
3807577,오버핏 바이오 데님 후드 집업_그레이,"['오버핏', '바이오', '데님', '후드', '집업', '그레이']"
3810060,handmade wool trench coat-black,"['handmade', 'wool', 'trench']"
3817098,더블니 85283 루즈핏 워크팬츠 Dark Brown,"['더블니', '루즈핏', '워크팬츠', 'Dark', 'Brown']"
3817480,핸드볼 스페지알 W - 블랙:핑크 - IE5897,"['핸드볼', '스페지알', 'W', '블랙', '핑크']"
3821705,V NECK BASIC CARDIGAN GRAY,"['V', 'NECK', 'BASIC', 'CARDIGAN', 'GRAY']"
3824875,투웨이 커플 숏패딩_Black,"['투웨이', '커플', '숏패딩', 'Black']"
3833439,캐시팝 트위드 크루넥 니트 (블랙),"['캐시팝', '트위드', '크루넥', '니트', '블랙']"
3833442,캐시팝 트위드 크루넥 니트 (월넛브라운),"['캐시팝', '트위드', '크루넥', '니트', '월넛브라운']"
3836128,[SET]데일리 니트 가디건_14Color,"['SET', '데일리', '니트']"
3837367,Washed Cotton Dobby Pants [Washed Black],"['Washed', 'Cotton', 'Dobby', 'Pants']"
3837384,Washed Cotton Dobby Pants [Washed Beige],"['Washed', 'Cotton', 'Dobby', 'Pants']"
3839241,[2PACK]Deep Pleats Wide Jeans DCPT030,"['Pleats', 'Wide', 'Jeans']"
3841946,삼바 OG W IE5836,"['삼바', 'OG', 'W']"
3844553,DRAGGY WORK PANTS (OLIVE),"['DRAGGY', 'WORK', 'PANTS']"
3851957,사이드 턱 스냅 버튼 와이드 코튼 팬츠 (BEIGE),"['사이드', '턱', '스냅', '버튼', '와이드', '코튼', '팬츠']"
3851967,(겨울원단) 사이드 턱 스냅 버튼 와이드 슬랙스 (BLACK),"['겨울원단', '사이드', '턱', '스냅', '버튼', '와이드', '슬랙스']"
3852647,자이언트핏 매쉬 와이드 팬츠,"['자이언트핏', '매쉬', '와이드', '팬츠']"
3856743,시티보이 빅 오버핏 빅사이즈 옥스포드 셔츠 4 COLOR,"['시티보이', '빅', '오버핏', '빅사이즈', '옥스포드', '셔츠', 'COLOR']"
3859521,빅 브러쉬 엑스트라 와이드 데님 팬츠 [러스티 블루],"['빅', '브러쉬', '엑스트라', '와이드', '데님', '팬츠', '러스티', '블루']"
3860419,DVSN 레이싱 트레이너 08,"['DVSN', '레이싱', '트레이너']"
3877567,[Crest Capsule] 롱슬리브 풀오버 니트- 블루,"['롱슬리브', '풀오버', '니트', '블루']"
3878618,슬립온 리이슈 98 - (체커보드) 마쉬멜로우:블랙 / VN000CTCKIG1,"['슬립온', '리이슈', '체커보드', '마쉬멜로우', '블랙']"
3879816,가젤 볼드 W - 핑크:그린 / IE0420,"['가젤', '볼드', 'W', '핑크', '그린']"
3881570,크롭 무브 가디건 [레드],"['크롭', '무브', '가디건', '레드']"
3884791,삼바 OG W - 베이지:블랙 / ID0478,"['삼바', 'OG', 'W', '베이지', '블랙']"
3886487,팔레르모 Lth - 화이트:그레이:검 / 396464-01,"['팔레르모', 'Lth', '화이트', '그레이', '검']"
3886488,팔레르모 Lth - 블랙:라이트그레이 / 396464-03,"['팔레르모', 'Lth', '블랙', '라이트그레이']"
3886780,[2PACK]무지 머슬핏 반팔 5컬러,"['머슬핏', '반팔', '5컬러']"
3892789,에샤페 MS(1XM02348G001),['에샤페']
3900482,팔레르모 - 그레이프미스트:피치피즈 / 396463-06,"['팔레르모', '그레이프미스트', '피치피즈']"
3900484,팔레르모 - 알파인스노우:화이트 / 396463-11,"['팔레르모', '알파인스노우', '화이트']"
3902775,87-STAN047 벌룬핏 워싱 와이드 데님팬츠 빈티지 블루,"['벌룬핏', '워싱', '와이드', '데님팬츠', '빈티지', '블루']"
3902776,87-STAN047 벌룬핏 워싱 와이드 데님팬츠 빈티지 옐로우,"['벌룬핏', '워싱', '와이드', '데님팬츠', '빈티지', '옐로우']"
3902778,87-STAN047 벌룬핏 워싱 와이드 데님팬츠 빈티지 블랙,"['벌룬핏', '워싱', '와이드', '데님팬츠', '빈티지', '블랙']"
3903335,필치 데님 팬츠 - 데저트 블랙,"['필치', '데님', '팬츠', '데저트', '블랙']"
3905088,어센틱 - (웨이브 워시드) 블랙 / VN000BW5CJK1,"['어센틱', '웨이브', '워시드', '블랙']"
3905833,BB 트랙탑 - 베이지:인디고 / IZ4922,"['BB', '트랙탑', '베이지', '인디고']"
3905837,핸드볼 스페지알 W - 브라운:화이트 / IF6490,"['핸드볼', '스페지알', 'W', '브라운', '화이트']"
3907161,Ifeelbluecsm Hoodie [4Color],"['Ifeelbluecsm', 'Hoodie']"
3913010,토바코 - 브라운 / GY7396,"['토바코', '브라운']"
3920107,프론트 워싱 세미와이드핏 데님[블랙],"['프론트', '워싱', '세미와이드핏', '데님', '블랙']"
3939830,코튼 와이드 카고 팬츠_카키,"['코튼', '와이드', '카고', '팬츠', '카키']"
3941663,[논기모or기모] 와이드핏 트레이닝 밴딩 팬츠 (블랙),"['논기모or기모', '와이드핏', '트레이닝', '밴딩', '팬츠', '블랙']"
3946794,[2PACK] 와이드핏 트레이닝 밴딩 팬츠(3컬러) [논기모 or 기모],"['와이드핏', '트레이닝', '밴딩', '팬츠', '3컬러', '논기모', 'or', '기모']"
3967536,NV1DQ55A 남성 1996 에코 눕시 베스트_BLACK,"['남성', '에코', '눕시', '베스트', 'BLACK']"
3974330,핸드볼 스페지알 W - 그레이:화이트 / IF6491,"['핸드볼', '스페지알', 'W', '그레이', '화이트']"
3975921,챌린저 드라이 핏 우븐 러닝 팬츠 M - 블랙:블랙 / FQ4781-010,"['챌린저', '드라이', '핏', '우븐', '러닝', '팬츠', 'M', '블랙', '블랙']"
3976280,줌 보메로 5 M - 블랙 / BV1358-003,"['줌', '보메로', 'M', '블랙']"
3976282,덩크 로우 레트로 M - 블랙:화이트 / DD1391-100,"['덩크', '로우', '레트로', 'M', '블랙', '화이트']"
3976283,덩크 로우 레트로 M - 그레이 포그:화이트 / DD1391-103,"['덩크', '로우', '레트로', 'M', '그레이', '포그', '화이트']"
3976287,코르테즈 W - 세일:말라카이트:코코넛 밀크:저지 그린 / DN1791-101,"['코르테즈', 'W', '세일', '말라카이트', '코코넛', '밀크', '저지', '그린']"
3976295,V2K 런 W - 서밋 화이트:퓨어 플래티넘:라이트 아이언 오어:메탈릭 실버 / FD0736-100,"['런', 'W', '서밋', '화이트', '퓨어', '플래티넘', '라이트', '아이언', '오어', '메탈릭', '실버']"
3976309,줌 보메로 5 M - 포튼 더스트:그리드아이언:세일:크롬 / HJ3758-001,"['줌', '보메로', 'M', '포튼', '더스트', '그리드아이언', '세일', '크롬']"
3976349,에어 포스 1 07 M - 블랙 / CW2288-001,"['에어', '포스', 'M', '블랙']"
3976350,에어 포스 1 07 M - 화이트 / CW2288-111,"['에어', '포스', 'M', '화이트']"
3982499,척테일러 올스타 크루즈 블랙 A08789C,"['척테일러', '올스타', '크루즈', '블랙']"
3983678,인피니티 런 4 프리미엄 M - 라이트 본:페일 아이보리:코코넛 밀크:비코스타 / HF4310-072,"['인피니티', '런', '프리미엄', 'M', '라이트', '본', '페일', '아이보리', '코코넛', '밀크', '비코스타']"
3983703,재스퍼 락 스니커즈 Taupe Evergreen,"['재스퍼', '락', '스니커즈', 'Taupe', 'Evergreen']"
4032573,더 치노 팬츠 (5가지 색상),"['더', '치노', '팬츠', '5가지', '색상']"
4034005,[2PACK]Dawn Semi Wide Jeans DCPT002,"['Semi', 'Wide', 'Jeans']"
4047739,젤-1130 - 다크 브라운:미드나이트 / 1203A548-200,"['젤', '1130', '다크', '브라운', '미드나이트']"
4047740,젤-1130 - 올리브 캔버스:스모그 그린 / 1203A548-300,"['젤', '1130', '올리브', '캔버스', '스모그', '그린']"
4053834,98 Printed Knee Pin-tuck Denim Pants (Black),"['Printed', 'Knee', 'Denim', 'Pants']"
4057671,[논기모 OR 기모] 원턱 와이드 스웨트 팬츠 [블랙],"['논기모', 'OR', '기모', '원턱', '와이드', '스웨트', '팬츠', '블랙']"
4057732,[논기모 OR 기모] 원턱 와이드 스웨트 팬츠 [그레이],"['논기모', 'OR', '기모', '원턱', '와이드', '스웨트', '팬츠', '그레이']"
4057974,[논기모 OR 기모] 원턱 와이드 카고 스웨트 팬츠 [블랙],"['논기모', 'OR', '기모', '원턱', '와이드', '카고', '스웨트', '팬츠', '블랙']"
4058003,[논기모 OR 기모] 원턱 와이드 카고 스웨트 팬츠 [그레이],"['논기모', 'OR', '기모', '원턱', '와이드', '카고', '스웨트', '팬츠', '그레이']"
4059183,[2PACK 논기모 OR 기모] 원턱 와이드 스웨트 팬츠_3COLOR,"['논기모', 'OR', '기모', '원턱', '와이드', '스웨트']"
4062428,1461 3홀 모노 블랙 / 14345001,"['3홀', '모노', '블랙']"
4065718,10008 BK HORSE LOAFERS,"['BK', 'HORSE', 'LOAFERS']"
4066143,아이언 레인저 8111 - 앰버 하니스,"['아이언', '레인저', '앰버', '하니스']"
4067377,TWO TUCK LONG PANTS [BROWN],"['TWO', 'TUCK', 'LONG', 'PANTS']"
4067438,TWO TUCK LONG PANTS [BLACK],"['TWO', 'TUCK', 'LONG', 'PANTS']"
4067457,TWO TUCK LONG PANTS [GRAY],"['TWO', 'TUCK', 'LONG', 'PANTS']"
4071259,핸드볼 스페지알 IF6490,"['핸드볼', '스페지알']"
4071966,"레터링 후디, 블랙","['레터링', '후디', '블랙']"
4072132,DYSFUNCT KEY RING WASHING DENIM PANTS,"['DYSFUNCT', 'KEY', 'RING', 'WASHING', 'DENIM', 'PANTS']"
4073444,NJ3NQ51A 남성 마리온 온볼 자켓_BLACK,"['남성', '마리온', '온볼', '자켓', 'BLACK']"
4075076,V2K 런 M - 서밋 화이트:퓨어 플래티넘:라이트 아이언 오어:메탈릭 실버 / HJ4497-100,"['런', 'M', '서밋', '화이트', '퓨어', '플래티넘', '라이트', '아이언', '오어', '메탈릭', '실버']"
4075077,V2K 런 M - 블랙:앤트럴사이트:다크 스모크:그레이 / HJ4497-001,"['런', 'M', '블랙', '앤트럴사이트', '다크', '스모크', '그레이']"
4076299,[논기모 OR 기모] 원턱 와이드 스웨트 팬츠_3COLOR,"['논기모', 'OR', '기모', '원턱', '와이드', '스웨트']"
4077744,CGP 트레이닝 팬츠 10종,"['CGP', '트레이닝', '팬츠', '10종']"
4080311,줌 보메로 5 M - 화이트:플래티넘 틴트:메탈릭 플래티넘:블랙 / FB9149-101,"['줌', '보메로', 'M', '화이트', '플래티넘', '틴트', '메탈릭', '플래티넘', '블랙']"
4095000,데미지 워시드 데님 팬츠-스카이블루,"['데미지', '워시드', '데님', '팬츠', '스카이블루']"
4095002,데미지 워시드 데님 팬츠-블루,"['데미지', '워시드', '데님', '팬츠', '블루']"
4096085,크러쉬 홀스하이드 더비 블랙,"['크러쉬', '홀스하이드', '더비', '블랙']"
4096384,NJ3NQ50A 남성 마리온 온볼 자켓_BLACK,"['남성', '마리온', '온볼', '자켓', 'BLACK']"
4104562,[미누의코디 x 식스핏] BOLD TOE DERBY,"['미누의코디', 'x', '식스핏', 'BOLD', 'TOE', 'DERBY']"
4107934,마들렌 / 아이보리,"['마들렌', '아이보리']"
4107946,마들렌 / 핑크 뮬리,"['마들렌', '핑크', '뮬리']"
4111303,라운드 포켓 벌룬핏 워싱 데님 팬츠 (YELLOW BLACK),"['라운드', '포켓', '벌룬핏', '워싱', '데님', '팬츠']"
4111710,XT-6 - 고스트 그레이:고스트 그레이:그레이 플란넬 / L47444800,"['고스트', '그레이', '고스트', '그레이', '그레이', '플란넬']"
4152295,Signature relax wide pants (9colors),"['Signature', 'relax', 'wide', 'pants']"
4164429,빈티지 프론트 워싱 와이드 청바지 데님 팬츠,"['빈티지', '프론트', '워싱', '와이드', '청바지', '데님', '팬츠']"
4186471,빈티지 워싱 브라운  체크셔츠,"['빈티지', '워싱', '브라운', '체크셔츠']"
4187879,레볼루션 7 M - 블랙:화이트 / FB2207-001,"['레볼루션', 'M', '블랙', '화이트']"
4194248,오버솔 스니커즈 - 화이트:블랙 / 553770WHGP79061,"['오버솔', '스니커즈', '화이트', '블랙']"
4201382,MARYAM BRUTAL - 649 (a) VIBRAM,"['MARYAM', 'BRUTAL', 'VIBRAM']"
4201442,스피드캣 OG - 블랙 / 398846-01,"['스피드캣', 'OG', '블랙']"
4201458,팔레르모 빈티지 - 블루:아이보리 / 396841-01,"['팔레르모', '빈티지', '블루', '아이보리']"
4201520,에어 포스 1 07 W - 블랙 / DD8959-001,"['에어', '포스', 'W', '블랙']"
4201989,클리퍼 4홀 더비슈즈 무광 블랙 구두 SFT-101,"['클리퍼', '4홀', '더비슈즈', '무광', '블랙', '구두']"
4202772,클래식 울트라 미니 플랫폼 W - 샌드 / 1135092SAN,"['클래식', '울트라', '미니', '플랫폼', 'W', '샌드']"
4208171,줌 보메로 5 W - 코블스톤:라이트 본:미디엄 애쉬:라이트 본 / FB8825-001,"['줌', '보메로', 'W', '코블스톤', '라이트', '본', '미디엄', '애쉬', '라이트', '본']"
4209266,울 블렌드 오버사이즈 머프 발마칸 코트 [블랙],"['울', '블렌드', '오버사이즈', '머프', '발마칸', '코트', '블랙']"
4209299,데일리 발마칸 코트 [블랙],"['데일리', '발마칸', '코트', '블랙']"
4209578,미니멀 후디드 다운 숏 패딩 재킷 [다크 그레이],"['미니멀', '후디드', '다운', '숏', '패딩', '재킷', '다크', '그레이']"
4211910,우먼즈 캐시미어 블렌드 발마칸 로브 코트 [오트밀],"['우먼즈', '캐시미어', '블렌드', '발마칸', '로브', '코트', '오트밀']"
4222746,가젤 볼드 W - 블랙 / IE0876,"['가젤', '볼드', 'W', '블랙']"
4222747,가젤 인도어 - 블랙 / JI2060,"['가젤', '인도어', '블랙']"
4226095,덩크 로우 W - 화이트:포톤 더스트 / DD1503-103,"['덩크', '로우', 'W', '화이트', '포톤', '더스트']"
4226785,에어 포스 1 07 W - 화이트 / DD8959-100,"['에어', '포스', 'W', '화이트']"
4227437,87-STAN081 원포켓 빈티지 오버핏 긴팔 체크 셔츠 네이비,"['원포켓', '빈티지', '오버핏', '긴팔', '체크', '셔츠', '네이비']"
4227807,[2PACK] 오버 핏 발열 힛코튼 롱슬리브 블랭크 티셔츠,"['오버', '핏', '발열', '힛코튼', '롱슬리브', '블랭크', '티셔츠']"
4229168,[힛탠다드] 우먼즈 헤비웨이트 속기모 딥 턱 와이드 슬랙스 [블랙],"['힛탠다드', '우먼즈', '헤비웨이트', '속기모', '딥', '턱', '와이드', '슬랙스', '블랙']"
4234923,삼바 LT OG - 블랙:화이트 / IG2010,"['삼바', 'LT', 'OG', '블랙', '화이트']"
4234924,삼바 LT OG - 화이트:블랙 / IG4279,"['삼바', 'LT', 'OG', '화이트', '블랙']"
4241903,NJ1DQ80J 화이트라벨 여성 노벨티 눕시 RDS 다운 자켓_BLACK,"['화이트라벨', '여성', '노벨티', '눕시', 'RDS', '다운', '자켓', 'BLACK']"
4241964,베이직 롱패딩_SPJPE4VC14,['베이직']
4241965,베이직 패쪼_SPJVE4TC01,['베이직']
4242664,베이직 푸퍼 (코듀로이)_SPJPE4TC12,"['베이직', '푸퍼']"
4242666,파스텔 푸퍼 (코듀로이)_SPJPE4TG02,"['파스텔', '푸퍼']"
4245514,시그니처 스웨이드 타스만 슬리퍼 (타스만) W -앙틸로프/5955ALP,"['시그니처', '스웨이드', '타스만', '슬리퍼', '타스만', 'W']"
4247441,X-ALP LTR - 블랙:그린 밀리우:베이 / L47596100,"['LTR', '블랙', '그린', '밀리우', '베이']"
4247451,XT-4 OG - 샤크스킨:던 블루:메탈 / L47568400,"['OG', '샤크스킨', '던', '블루', '메탈']"
4249938,빅하트 로고 니트 - 차콜 / UKS002018067,"['빅하트', '로고', '니트', '차콜']"
4249939,레드 하트 로고 맨투맨 - 블루 / USW001730491,"['레드', '하트', '로고', '맨투맨', '블루']"
4250214,홈보이 벌룬 워크 팬츠_블랙,"['홈보이', '벌룬', '워크', '팬츠', '블랙']"
4251966,P-6000 W - 매탈릭 서밋 화이트:파이어 레드:다크 포니 라이트 아이언 오어:버건디 크러시:블랙 / HJ9598-100,"['W', '매탈릭', '서밋', '화이트', '파이어', '레드', '다크', '포니', '라이트', '아이언', '오어', '버건디', '크러시', '블랙']"
4262833,M-65 FISHTAIL PARKA_OLIVE,['FISHTAIL']
4262841,PRIMALOFT LEVEL 7 SHORT PARKA_SAGE GREEN,"['PRIMALOFT', 'LEVEL', 'SHORT', 'GREEN']"
4264558,레드 하트 로고 가디건 - 블랙 / BFUKC002018009,"['레드', '하트', '로고', '가디건', '블랙']"
4264704,덩크 로우 SE M - 팬텀:검 라이트 브라운:코코넛 밀크:말라카이트 / HQ1519-030,"['덩크', '로우', 'SE', 'M', '팬텀', '검', '라이트', '브라운', '코코넛', '밀크', '말라카이트']"
4264706,데이브레이크 W - 서밋 화이트:페일 아이보리:라이트 스모크 그레이:화이트 / CK2351-101,"['데이브레이크', 'W', '서밋', '화이트', '페일', '아이보리', '라이트', '스모크', '그레이', '화이트']"
4265193,그래피티 로고 후드티_그레이,"['그래피티', '로고', '후드티', '그레이']"
4265231,그래피티 로고 후드티_블랙,"['그래피티', '로고', '후드티', '블랙']"
4265243,그래피티 로고 후드티_차콜,"['그래피티', '로고', '후드티', '차콜']"
4265248,그래피티 로고 후드티_네이비,"['그래피티', '로고', '후드티', '네이비']"
4265253,Plan Half Zip-Up Sweatshirt Black,"['Plan', 'Half', 'Sweatshirt', 'Black']"
4265255,Plan Half Zip-Up Sweatshirt Navy,"['Plan', 'Half', 'Sweatshirt', 'Navy']"
4265261,Plan Hoodie Melange Gray,"['Plan', 'Hoodie', 'Melange', 'Gray']"
4265872,포레스트 트래킹 슈즈 샌드,"['포레스트', '트래킹', '슈즈', '샌드']"
4266425,헤비 웰론 배색 후드 숏 패딩_4color,"['헤비', '웰론', '배색', '후드', '숏']"
4266497,히티트울 발마칸 코트(Wool 60)_블랙,"['히티트울', '발마칸', '코트', 'Wool', '60', '블랙']"
4266754,핀 턱 테이핑 트레이닝 팬츠-블랙,"['핀', '턱', '테이핑', '트레이닝', '팬츠', '블랙']"
4270592,컨트리 II SMU - 크림:실버 / JH5600,"['컨트리', 'II', 'SMU', '크림', '실버']"
4270593,컨트리 II SMU - 블랙:실버 / JH5601,"['컨트리', 'II', 'SMU', '블랙', '실버']"
4272219,[논기모 OR 기모] 오버핏 하프집업 카라넥 스웨트 셔츠 [그레이],"['논기모', 'OR', '기모', '오버핏', '하프집업', '카라넥', '스웨트', '셔츠', '그레이']"
4274042,빈티지 캣워싱 와이드 데님 팬츠 [다크 블루],"['빈티지', '캣워싱', '와이드', '데님', '팬츠', '다크', '블루']"
4274045,빈티지 캣워싱 와이드 데님 팬츠 [샌드 블루],"['빈티지', '캣워싱', '와이드', '데님', '팬츠', '샌드', '블루']"
4274049,빈티지 캣워싱 와이드 데님 팬츠 [옐로우 워싱],"['빈티지', '캣워싱', '와이드', '데님', '팬츠', '옐로우', '워싱']"
4274077,원턱 와이드 코듀로이 밴딩 팬츠 [블랙],"['원턱', '와이드', '코듀로이', '밴딩', '팬츠', '블랙']"
4274082,원턱 와이드 코듀로이 밴딩 팬츠 [베이지],"['원턱', '와이드', '코듀로이', '밴딩', '팬츠', '베이지']"
4277681,Andy Twill Balloon Cargo Pants Black,"['Andy', 'Twill', 'Balloon', 'Cargo', 'Pants', 'Black']"
4277692,Novichi Hoodie Black,"['Novichi', 'Hoodie', 'Black']"
4279928,O.D CHECK SHIRT - BLACK,"['CHECK', 'SHIRT', 'BLACK']"
4279994,A.G HOODIE - BROWN,"['HOODIE', 'BROWN']"
4280128,COWICHAN HOODED ZIP-UP - NAVY,"['COWICHAN', 'HOODED', 'NAVY']"
4280139,SPRAY DYEING KNIT - BLACK,"['SPRAY', 'DYEING', 'KNIT', 'BLACK']"
4280400,DIVISION HOODED DUCK DOWN - GLOSSY BLACK,"['DIVISION', 'HOODED', 'DUCK', 'DOWN', 'GLOSSY', 'BLACK']"
4280401,DIVISION HOODED DUCK DOWN - BLACK,"['DIVISION', 'HOODED', 'DUCK', 'DOWN', 'BLACK']"
4280408,AELLA DUCK DOWN - GLOSSY BLACK,"['AELLA', 'DUCK', 'DOWN', 'GLOSSY', 'BLACK']"
4280409,AELLA DUCK DOWN - BLACK,"['AELLA', 'DUCK', 'DOWN', 'BLACK']"
4280410,AELLA DUCK DOWN - BROWN,"['AELLA', 'DUCK', 'DOWN', 'BROWN']"
4280555,AECA LOVE DOODLE KNIT-IVORY,"['AECA', 'LOVE', 'DOODLE']"
4283088,Side Big Cargo Pants LIGHT CAMO,"['Side', 'Big', 'Cargo', 'Pants', 'LIGHT', 'CAMO']"
4284490,덩크 로우 W - 블랙:화이트 / DD1503-101,"['덩크', '로우', 'W', '블랙', '화이트']"
4285379,TCM rag hoodie (black),"['TCM', 'rag', 'hoodie']"
4285460,스웨이드 레더 미니 부츠 (클래식 울트라 미니) W- 그레이 / 1116109GREY,"['스웨이드', '레더', '미니', '부츠', '클래식', '울트라', '미니', '그레이']"
4285909,오버핏 케이블 라운드 니트 5COLOR,"['오버핏', '케이블', '라운드', '니트']"
4286590,NJ1DQ75F 남성 1996 에코 눕시 자켓_BROWN,"['남성', '에코', '눕시', '자켓', 'BROWN']"
4286631,NJ3NQ53A 남성 눕시 온볼 자켓_BLACK,"['남성', '눕시', '온볼', '자켓', 'BLACK']"
4286964,NJ4FQ50J 화이트라벨 컴피 알파 플리스 집업_BLACK,"['화이트라벨', '컴피', '알파', '플리스', '집업', 'BLACK']"
4287256,NS99Q63A 부띠 숏_BLACK,"['부띠', '숏', 'BLACK']"
4287409,스티치 로고 라운드 니트 [핑크],"['스티치', '로고', '라운드', '니트', '핑크']"
4287472,NS93Q61A 눕시 뮬_BLACK,"['눕시', '뮬', 'BLACK']"
4288927,[기모선택] ASI 포시즌 에센셜 스웻 후드집업_블랙,"['기모선택', 'ASI', '포시즌', '에센셜', '스웻', '후드집업', '블랙']"
4288947,ASI All-Sunday 와이드 데님 팬츠_더스트 인디고,"['ASI', '와이드', '데님', '팬츠', '더스트', '인디고']"
4288950,[기모선택] ASI 포시즌 에센셜 피그먼트 후드 티셔츠_차콜,"['ASI', '포시즌', '에센셜', '피그먼트', '후드', '티셔츠', '차콜', '기모선택']"
4289227,스피드캣 OG - 핑크:화이트 / 398846-04,"['스피드캣', 'OG', '핑크', '화이트']"
4289228,스피드캣 OG - 블랙:모브 미스트 / 398846-09,"['스피드캣', 'OG', '블랙', '모브', '미스트']"
4289728,TCM stripe hooded zip-up (charcoal/black),"['TCM', 'stripe', 'hooded']"
4290697,Hooded Half Coat [Gray],"['Hooded', 'Half', 'Coat']"
4291462,레드 하트 로고 반소매 티셔츠 - 화이트 / BFUTS001724100,"['레드', '하트', '로고', '반소매', '티셔츠', '화이트']"
4293032,TCM starfish chino pants (black),"['TCM', 'starfish', 'chino', 'pants']"
4293038,TCM starfish chino pants (charcoal),"['TCM', 'starfish', 'chino', 'pants']"
4293047,TCM starfish chino pants (brown),"['TCM', 'starfish', 'chino', 'pants']"
4293708,울 블렌드 원 턱 슬랙스 - 3 COLOR,"['울', '블렌드', '원', '턱', '슬랙스', 'COLOR']"
4297610,데일리 푸퍼 미니멀 숏 패딩 재킷 [블랙],"['데일리', '푸퍼', '미니멀', '숏', '패딩', '재킷', '블랙']"
4297621,데일리 푸퍼 칼라리스 패딩 재킷 [블랙],"['데일리', '푸퍼', '칼라리스', '패딩', '재킷', '블랙']"
4297861,N244WDW920 여성 헤론 U넥 경량 다운 점퍼 CRYSTAL BEIGE,"['여성', '헤론', 'U넥', '경량', '다운', '점퍼', 'CRYSTAL', 'BEIGE']"
4297863,N244WDW920 여성 헤론 U넥 경량 다운 점퍼 CARBON BLACK,"['여성', '헤론', 'U넥', '경량', '다운', '점퍼', 'CARBON', 'BLACK']"
4297879,N244UDW920 헤론 U넥 경량 다운 점퍼 CARBON BLACK,"['헤론', 'U넥', '경량', '다운', '점퍼', 'CARBON', 'BLACK']"
4298720,XP234 리온 와이드 코튼 팬츠 (BLACK),"['리온', '와이드', '코튼', '팬츠']"
4299296,시티보이 오버핏 럭비 카라 맨투맨 스웻 티셔츠 4COLOR,"['시티보이', '오버핏', '럭비', '카라', '맨투맨', '스웻', '티셔츠']"
4300655,Balloon Wide Jeans DCPT055Black,"['Balloon', 'Wide', 'Jeans']"
4300665,Balloon Wide Jeans DCPT055YLBlackB,"['Balloon', 'Wide', 'Jeans']"
4300670,Balloon Wide Jeans DCPT055YLBlueB,"['Balloon', 'Wide', 'Jeans']"
4302685,SORANO Basic Logo HOODIE [4Color],"['SORANO', 'Basic', 'Logo', 'HOODIE']"
4305217,탱커 무브 패딩 자켓 (4color),"['탱커', '무브', '패딩', '자켓']"
4305227,헤비코튼 크루넥 머슬 니트 (블랙) 24NTL01,"['헤비코튼', '크루넥', '머슬', '니트', '블랙']"
4306299,Blue Chambray Work Shirt KR Ver.,"['Blue', 'Chambray', 'Work', 'Shirt', 'KR']"
4307041,헬로 월드 LOVE 후드티_블랙,"['헬로', '월드', 'LOVE', '후드티', '블랙']"
4307540,W CLASSIC LOGO CROP SWEATSHIRT light heather gray,"['W', 'CLASSIC', 'LOGO', 'CROP', 'SWEATSHIRT', 'light', 'heather', 'gray']"
4308176,바이오워싱 와이드 카펜터 데님 팬츠_더스트블랙,"['바이오워싱', '와이드', '카펜터', '데님', '팬츠', '더스트블랙']"
4308185,VLAD 원턱 피그먼트 페이드 워싱 스웻 팬츠_핑크,"['VLAD', '원턱', '피그먼트', '페이드', '워싱', '스웻', '팬츠', '핑크']"
4308186,VLAD 원턱 피그먼트 페이드 워싱 스웻 팬츠_네이비,"['VLAD', '원턱', '피그먼트', '페이드', '워싱', '스웻', '팬츠', '네이비']"
4308187,[기모선택] VLAD 원턱 피그먼트 페이드 워싱 스웻 팬츠_블랙,"['기모선택', 'VLAD', '원턱', '피그먼트', '페이드', '워싱', '스웻', '팬츠', '블랙']"
4308206,VLAD 라운드 슬래쉬 데님 팬츠_더스트 인디고,"['VLAD', '라운드', '슬래쉬', '데님', '팬츠', '더스트', '인디고']"
4309109,VSW Hairy Wave Stripe Knit Black,"['VSW', 'Hairy', 'Wave', 'Stripe', 'Knit', 'Black']"
4309321,엠보워싱 데님팬츠 (진청),"['엠보워싱', '데님팬츠', '진청']"
4311874,BIG TYPO HOODIE KHAKI,"['BIG', 'TYPO', 'HOODIE', 'KHAKI']"
4312034,삼바 메시 인도어 IH8157,"['삼바', '메시', '인도어']"
4312154,에센셜 라운드 니트 가디건_7COLOR,"['에센셜', '라운드', '니트']"
4312423,L13 RUGBY BOLD KNIT(BROWN),"['RUGBY', 'BOLD']"
4314115,M-Logo 반집업 맨투맨 (JP5TSU839) 10colors,"['반집업', '맨투맨']"
4316115,코만도 워시드 피그먼트 스웻셔츠 [DGRAY]_SETS041DGRAY,"['코만도', '워시드', '피그먼트', '스웻셔츠']"
4316117,[3color] 코만도 워시드 피그먼트 스웻셔츠_SETS041,"['코만도', '워시드', '피그먼트']"
4316658,Essential Relaxed Denim Pants (Black),"['Essential', 'Relaxed', 'Denim', 'Pants']"
4316816,Hand Painting Track Pants,"['Hand', 'Painting', 'Track', 'Pants']"
4316839,Veneta Two Tuck Denim Pants [Vintage Black],"['Veneta', 'Two', 'Tuck', 'Denim', 'Pants']"
4319321,유니 레더 v2 스웨이드 독일군 HPMR6EA301,"['유니', '레더', '스웨이드', '독일군']"
4319449,BOUCLE CLASSIC LOGO SWEATER dark pink,"['BOUCLE', 'CLASSIC', 'LOGO', 'SWEATER', 'dark', 'pink']"
4319472,헤비 웨이트 피그먼트 나그랑 뒷절개 오버핏 맨투맨 챠콜,"['헤비', '웨이트', '피그먼트', '나그랑', '뒷절개', '오버핏', '맨투맨', '챠콜']"
4319523,카펜터 퍼티그 워크 코튼 팬츠 (SAND GREY),"['카펜터', '퍼티그', '워크', '코튼', '팬츠']"
4320380,[SET] 카오스 코듀로이 오버핏 맨투맨 셋업 네이비,"['카오스', '코듀로이', '오버핏', '맨투맨', '셋업', '네이비']"
4320382,[SET] 카오스 코듀로이 오버핏 맨투맨 셋업 오트밀,"['카오스', '코듀로이', '오버핏', '맨투맨', '셋업', '오트밀']"
4322401,SUMMIT - 597 (p),['SUMMIT']
4323231,[오정규X알리스] 패널드 카펜터 와이드 팬츠 [블랙],"['오정규X알리스', '패널드', '카펜터', '와이드', '팬츠', '블랙']"
4324518,하트 칙스 오버핏 라운드 니트,"['하트', '칙스', '오버핏', '라운드', '니트']"
4325156,하이어 브이넥 니트 [멜란지브라운],"['하이어', '브이넥', '니트', '멜란지브라운']"
4326387,와이드 베리어블 라운지 스웨트 팬츠 [블랙],"['와이드', '베리어블', '라운지', '스웨트', '팬츠', '블랙']"
4326417,시티 레저 폴라 플리스 벨티드 팬츠 [블랙],"['시티', '레저', '폴라', '플리스', '벨티드', '팬츠', '블랙']"
4326536,[기모선택] VLAD 컷오프 아플리케 후드 티셔츠_차콜,"['기모선택', 'VLAD', '컷오프', '아플리케', '후드', '티셔츠', '차콜']"
4326722,코어 클래식 패딩 자켓 (4colors),"['코어', '클래식', '패딩', '자켓']"
4327162,NJ1DQ99A 남성 히말라얀 파카 (RDS 다운)_BLACK,"['남성', '히말라얀', '파카', '다운', 'BLACK']"
4327173,NC1DQ50J 화이트라벨 액션 프리 RDS 다운 코트_BLACK,"['화이트라벨', '액션', '프리', 'RDS', '다운', '코트', 'BLACK']"
4328682,헤어리 그래픽 로고 오버핏 자카드 니트 (GREEN),"['헤어리', '그래픽', '로고', '오버핏', '자카드', '니트']"
4328686,헤어리 그래픽 로고 오버핏 자카드 니트 (BLUE),"['헤어리', '그래픽', '로고', '오버핏', '자카드', '니트']"
4328687,헤어리 그래픽 로고 오버핏 자카드 니트 (CHARCOAL),"['헤어리', '그래픽', '로고', '오버핏', '자카드', '니트']"
4328688,헤어리 그래픽 로고 오버핏 자카드 니트 (BLACK),"['헤어리', '그래픽', '로고', '오버핏', '자카드', '니트']"
4328804,에샤페 초코(1XM02361H200),['에샤페']
4329585,[5575] 헤어리 브이넥 니트 (블랙),"['헤어리', '브이넥', '니트', '블랙']"
4329587,[5574] 헤어리 브이넥 니트 (아이보리),"['헤어리', '브이넥', '니트', '아이보리']"
4329700,자이언트핏 럭비 저지 롱 슬리브,"['자이언트핏', '럭비', '저지', '롱', '슬리브']"
4330179,CGP 스몰 스퀘어 로고 스트라이프 럭비 맨투맨_버건디,"['CGP', '스몰', '스퀘어', '로고', '스트라이프', '럭비', '맨투맨', '버건디']"
4330245,카펜터 트레이닝 팬츠_차콜,"['카펜터', '트레이닝', '팬츠', '차콜']"
4330937,1989 배색 후드(STHSTD-0099),['배색']
4332686,카모플라쥬 트레이닝 팬츠[그레이],"['카모플라쥬', '트레이닝', '팬츠', '그레이']"
4336570,딥 워싱 와이드 데님 팬츠 (WASHED BLACK),"['딥', '워싱', '와이드', '데님', '팬츠']"
4341053,레드 하트 로고 맨투맨 - 블랙 / BFUSW001730001,"['레드', '하트', '로고', '맨투맨', '블랙']"
4341208,XT-6 GTX - 화이트:화이트:Ftw 실버 / L47581100,"['GTX', '화이트', '화이트', 'Ftw', '실버']"
4341210,XT-6 익스펜스 시즈널 - 라일락 애쉬:클라우드 그레이:샤크 / L47598200,"['익스펜스', '시즈널', '라일락', '애쉬', '클라우드', '그레이', '샤크']"
4342152,원턱 와이드 코듀로이 팬츠 (BROWN),"['원턱', '와이드', '코듀로이', '팬츠']"
4342389,심볼 로고 트랙 폴로 맨투맨 GMT-156,"['심볼', '로고', '트랙', '폴로', '맨투맨']"
4343184,[니티드X깡스타일리스트] 코튼 미니멀 라운드 니트 BROWN,"['니티드X깡스타일리스트', '코튼', '미니멀', '라운드', '니트', 'BROWN']"
4343194,푸마 클럽 2 에라 - 브라운:샌드 / 397447-01,"['푸마', '클럽', '에라', '브라운', '샌드']"
4343195,푸마 클럽 2 에라 - 카라멜라떼:골드 / 397447-03,"['푸마', '클럽', '에라', '카라멜라떼', '골드']"
4343197,푸마 클럽 2 에라 - 아이언:블랙 / 397447-05,"['푸마', '클럽', '에라', '아이언', '블랙']"
4343527,원턱 투 라인 와이드 스웨트팬츠 블랙,"['원턱', '투', '라인', '와이드', '스웨트팬츠', '블랙']"
4343632,MTE 하버 뮬 VR3 - 블랙 / VN000CW3BLK1,"['MTE', '하버', '뮬', '블랙']"
4343634,MTE 하버 뮬 VR3 - 카키 / VN000CW3KHK1,"['MTE', '하버', '뮬', '카키']"
4345043,T-Logo Hoodie Heather Grey,"['Hoodie', 'Heather', 'Grey']"
4345672,NJ1DQ52J 화이트라벨 프리 무브 RDS 다운 자켓_BLACK,"['화이트라벨', '프리', '무브', 'RDS', '다운', '자켓', 'BLACK']"
4346438,레글런 트랙 니트 집업 [BLACK],"['레글런', '트랙', '니트', '집업']"
4348056,FLOW - C11,['FLOW']
4348548,Int Prty Hoodie (White)_K24ZB765,"['Int', 'Prty', 'Hoodie']"
4349548,심볼 로고 풋볼 저지,"['심볼', '로고', '풋볼', '저지']"
4350254,더블 어드저스트 버튼 숏 패딩 점퍼 4 color_SEJP005,"['더블', '어드저스트', '버튼', '숏', '패딩', '점퍼']"
4350371,베지터블 레더 A-2 자켓 (블랙),"['베지터블', '레더', '자켓', '블랙']"
4351348,Hoodie long duffle Coat CHARCOAL,"['Hoodie', 'long', 'duffle', 'Coat', 'CHARCOAL']"
4351636,Side button knit CHARCOAL,"['Side', 'button', 'knit', 'CHARCOAL']"
4351643,Side button knit GREY,"['Side', 'button', 'knit', 'GREY']"
4351669,Duffle hoodie short coat CHARCOAL,"['Duffle', 'hoodie', 'short', 'coat', 'CHARCOAL']"
4352405,플레어 히든 밴딩 슬랙스 [블랙],"['플레어', '히든', '밴딩', '슬랙스', '블랙']"
4353527,ANGELDEM 오버핏 후드 티셔츠 6 COLORS [기모],"['ANGELDEM', '오버핏', '후드', '티셔츠', 'COLORS', '기모']"
4354890,SMOG WIDE PANTS / BLACK,"['SMOG', 'WIDE', 'PANTS', 'BLACK']"
4356158,시그니처 스웨이드 타스만 슬리퍼 (타스만) W- 샌 /다크체리 / 5955SNDD,"['시그니처', '스웨이드', '타스만', '슬리퍼', '타스만', '샌', '다크체리']"
4356159,시그니처 스웨이드 타스만 슬리퍼 (타스만) W- 카리부 / 5955CRBO,"['시그니처', '스웨이드', '타스만', '슬리퍼', '타스만', '카리부']"
4356163,레더 타스만 슬리퍼 (타스만 LTHR 리젠) M- 블랙 / 1163890BLK,"['레더', '타스만', '슬리퍼', '타스만', 'LTHR', '리젠', '블랙']"
4356813,시티 레저 논 퀼팅 다운 숏 패딩 재킷 [블랙],"['시티', '레저', '논', '퀼팅', '다운', '숏', '패딩', '재킷', '블랙']"
4356816,시티 레저 시어 립스탑 후디드 다운 숏 패딩 재킷 [블랙],"['시티', '레저', '시어', '립스탑', '후디드', '다운', '숏', '패딩', '재킷', '블랙']"
4358823,1792 OLD SOUL JEANS [WIDE STRAIGHT],"['OLD', 'SOUL', 'JEANS']"
4360670,LIL DEVIL DENIM [INDIGO BLACK],"['LIL', 'DEVIL', 'DENIM']"
4361219,980G 피그먼트 맨투맨-워시드 블랙-,"['피그먼트', '맨투맨', '워시드', '블랙']"
4369047,DESTROYED COWHIDE LEATHER JACKET _ WASHED BLACK,"['DESTROYED', 'COWHIDE', 'LEATHER', 'JACKET', 'WASHED', 'BLACK']"
4371012,에어 포스 1 07 WB M - 플랙스:검 라이트 브라운:블랙:위트 / CJ9179-200,"['에어', '포스', 'WB', 'M', '플랙스', '검', '라이트', '브라운', '블랙', '위트']"
4371041,에어 포스 1 07 WB W - 플랙스:검 라이트 브라운:블랙:위트 / FZ7372-200,"['에어', '포스', 'WB', 'W', '플랙스', '검', '라이트', '브라운', '블랙', '위트']"
4371209,스포티 트랙 세미 크롭 니트 집업 - BROWN,"['스포티', '트랙', '세미', '크롭', '니트', '집업', 'BROWN']"
4371211,스포티 트랙 세미 크롭 니트 집업 - CHARCOAL,"['스포티', '트랙', '세미', '크롭', '니트', '집업', 'CHARCOAL']"
4371357,시어링 퍼 자켓 (애쉬 핑크),"['시어링', '퍼', '자켓', '애쉬', '핑크']"
4374732,UNIFORM Washed Derby Black,"['UNIFORM', 'Washed', 'Derby', 'Black']"
4374819,UNIFORM Crepe Derby Beige,"['UNIFORM', 'Crepe', 'Derby', 'Beige']"
4374891,UNIFORM Field Boots Beige,"['UNIFORM', 'Field', 'Boots', 'Beige']"
4375129,핸드볼 스페지알 - 화이트:블랙 / IE3403,"['핸드볼', '스페지알', '화이트', '블랙']"
4375639,happy day 피그먼트 스웨트셔츠 스모크블랙,"['happy', 'day', '피그먼트', '스웨트셔츠', '스모크블랙']"
4376346,노르딕 스노우 플라워 후드니트_Butter,"['노르딕', '스노우', '플라워', '후드니트', 'Butter']"
4376737,더프 헤링턴 자켓 브라운 JJOT7732,"['더프', '헤링턴', '자켓', '브라운']"
4378832,레드 하트 로고 맨투맨 - 헤더 그레이 / BFUSW001730055,"['레드', '하트', '로고', '맨투맨', '헤더', '그레이']"
4378833,레드 하트 로고 후드 - 헤더 그레이 / BFUSW200730055,"['레드', '하트', '로고', '후드', '헤더', '그레이']"
4380452,알파카 모헤어 니트 노르딕 가디건 블랙,"['알파카', '모헤어', '니트', '노르딕', '가디건', '블랙']"
4381624,스윙 벌룬핏 데님[인디고],"['스윙', '벌룬핏', '데님', '인디고']"
4381625,스윙 벌룬핏 데님[블랙],"['스윙', '벌룬핏', '데님', '블랙']"
4383452,NC1DQ51A 남성 액트 프리 EX 하이브리드 다운 코트,"['남성', '액트', '프리', 'EX', '하이브리드', '다운', '코트']"
4384143,COLOR LINE POINT LOGO KNIT PULLOVER IN GREY,"['COLOR', 'LINE', 'POINT', 'LOGO', 'KNIT', 'PULLOVER', 'IN', 'GREY']"
4384145,COLOR LINE POINT LOGO KNIT PULLOVER IN BLACK,"['COLOR', 'LINE', 'POINT', 'LOGO', 'KNIT', 'PULLOVER', 'IN', 'BLACK']"
4385586,재스퍼 스니커즈 Orange Pepper,"['재스퍼', '스니커즈', 'Orange', 'Pepper']"
4385991,(우먼)캐시미어 100 홀가먼트 니트 - 10 COLOR,"['우먼', '캐시미어', '홀가먼트', '니트', 'COLOR']"
4387116,리브드 오버핏 헨리넥 니트 [블랙],"['리브드', '오버핏', '헨리넥', '니트', '블랙']"
4388024,[패션플래닛X더니트컴퍼니] 워셔블 코튼 크루넥 니트 12color,"['패션플래닛X더니트컴퍼니', '워셔블', '코튼', '크루넥', '니트']"
4389518,헤어리 알파카 블렌드 크루넥 스웨터 (멜란지그레이),"['헤어리', '알파카', '블렌드', '크루넥', '스웨터', '멜란지그레이']"
4390380,울 크롭 크루넥 스웨터 (블랙),"['울', '크롭', '크루넥', '스웨터', '블랙']"
4390385,울 크롭 크루넥 스웨터 (그레이),"['울', '크롭', '크루넥', '스웨터', '그레이']"
4394649,[UNISEX] WINTER MOC - CLASSIC TAUPE,"['WINTER', 'MOC', 'CLASSIC', 'TAUPE']"
4394773,TAG HOODIE - ASH,"['TAG', 'HOODIE', 'ASH']"
4397034,GNRL 에센셜 가디건 [2PACK] / WBD3L04503,"['GNRL', '에센셜', '가디건']"
4397049,[4COLOR] DOODLE HEART HOODIE,"['DOODLE', 'HEART', 'HOODIE']"
4398163,Selvedge Relaxed Denim Pants Dark Indigo,"['Selvedge', 'Relaxed', 'Denim', 'Pants', 'Dark', 'Indigo']"
4400011,JAPAN MADE PREMIUM SELVEDGE DENIM PANTS(1947 MODEL)_INDIGO,"['JAPAN', 'MADE', 'PREMIUM', 'SELVEDGE', 'DENIM']"
4403500,T-Logo Crewneck Heather Grey,"['Crewneck', 'Heather', 'Grey']"
4403731,코스에그 자수 투웨이 니트집업 가디건,"['코스에그', '자수', '투웨이', '니트집업', '가디건']"
4405500,ACG PrimaLoft® 스컬 피크 스톰 핏 재킷 M - 블랙:앤트러사이트:블랙:써밋 화이트 / FV8682-010,"['ACG', '스컬', '피크', '스톰', '핏', '재킷', 'M', '블랙', '앤트러사이트', '블랙', '써밋', '화이트']"
4405516,코트 비전 로우 M - 세일:라이트 오어우드 브라운:화이트:블랙 / FQ8075-133,"['코트', '비전', '로우', 'M', '세일', '라이트', '오어우드', '브라운', '화이트', '블랙']"
4405632,부클 빅 트위치 로고 니트 라이트 그레이,"['부클', '빅', '트위치', '로고', '니트', '라이트', '그레이']"
4406512,Shirring Tennis Shirt Navy/Green Stripe,"['Shirring', 'Tennis', 'Shirt', 'Stripe']"
4409448,TOKYO - 베이지:블랙 / JI0182,"['TOKYO', '베이지', '블랙']"
4409450,TOKYO - 블랙 / JI0183,"['TOKYO', '블랙']"
4410061,NJ1DQ79F 슈퍼플렉스 눕시 다운 자켓 (RDS)_REAL BLACK,"['슈퍼플렉스', '눕시', '다운', '자켓', 'BLACK']"
4413238,남여공용 푸퍼 숏패딩_Glossy,"['남여공용', '푸퍼', '숏패딩', 'Glossy']"
4414197,[HIS/히스][캐너비] 발마칸 코트 네이비,"['HIS', '히스', '캐너비', '발마칸', '코트', '네이비']"
4414200,[HIS/히스][캐너비] 발마칸 코트 블랙,"['HIS', '히스', '캐너비', '발마칸', '코트', '블랙']"
4415142,가젤 인도어 - 블랙:실버 / JH8837,"['가젤', '인도어', '블랙', '실버']"
4417675,오버랩 스웨트 팬츠-멜란지그레이,"['오버랩', '스웨트', '팬츠', '멜란지그레이']"
4417677,오버랩 스웨트 팬츠-블랙,"['오버랩', '스웨트', '팬츠', '블랙']"
4417918,리버시블 신슐레이트 패디드 점퍼 (챠콜),"['리버시블', '신슐레이트', '패디드', '점퍼', '챠콜']"
4419822,크롭 무브 가디건 [차콜],"['크롭', '무브', '가디건', '차콜']"
4419823,크롭 무브 가디건 [네이비],"['크롭', '무브', '가디건', '네이비']"
4420185,NJ1DQ79C 슈퍼플렉스 눕시 다운 자켓 (RDS)_NAVY,"['슈퍼플렉스', '눕시', '다운', '자켓']"
4420587,Keep your eyes 롱 슬리브 티셔츠,"['Keep', 'your', 'eyes', '롱', '슬리브', '티셔츠']"
4421529,에센셜 헤어리 라운드 니트_오트밀,"['에센셜', '헤어리', '라운드', '니트', '오트밀']"
4421530,에센셜 헤어리 라운드 니트_차콜 그레이,"['에센셜', '헤어리', '라운드', '니트', '차콜', '그레이']"
4421630,피그먼트 헤비 스웨트 맨투맨_6Color,"['피그먼트', '헤비', '스웨트']"
4421709,피그먼트 헤비 스웨트 후디_Charcoal,"['피그먼트', '헤비', '스웨트', '후디', 'Charcoal']"
4421913,XT-6 익스펜스 - 화이트:메탈:블랙 / L47573100,"['익스펜스', '화이트', '메탈', '블랙']"
4421919,XT-패스웨이 2 무신사 에디션 - 브라운:블랙:블랙 / L47788000,"['XT', '패스웨이', '무신사', '에디션', '브라운', '블랙', '블랙']"
4421920,XT-6 GTX 무신사 에디션 - 블랙:인피니티:화이트 / L47788400,"['GTX', '무신사', '에디션', '블랙', '인피니티', '화이트']"
4422025,팔레르모 OG - 레드:웜화이트 / 383011-13,"['팔레르모', 'OG', '레드', '웜화이트']"
4422571,워싱 레더 무스탕 자켓,"['워싱', '레더', '무스탕', '자켓']"
4422975,워셔블 모크넥 슬리브 니트 블랙,"['워셔블', '모크넥', '슬리브', '니트', '블랙']"
4423181,karakoram goose down parka black,"['karakoram', 'goose', 'down', 'parka', 'black']"
4423184,shelter duck down parka black,"['shelter', 'duck', 'down', 'parka', 'black']"
4424524,넘버볼 후드티 [멜란지 그레이],"['넘버볼', '후드티', '멜란지', '그레이']"
4424539,NOFT 패치워크 맨투맨 [네이비],"['NOFT', '패치워크', '맨투맨', '네이비']"
4424968,오버사이즈 라인 무스탕 자켓 [BLACK],"['오버사이즈', '라인', '무스탕', '자켓']"
4425280,페어아일 니트 (브라운),"['페어아일', '니트', '브라운']"
4427040,노라 투웨이 버튼 가디건 [FOREST],"['노라', '투웨이', '버튼', '가디건']"
4429328,클라우드 패딩 부츠(5XM02390G920),"['클라우드', '패딩']"
4430476,"미니 스타 후디,블랙","['미니', '스타', '후디', '블랙']"
4430590,슈퍼스타 홈 - 블랙 / IH5502,"['슈퍼스타', '홈', '블랙']"
4431837,"리치 울 하프 코트, 그레이","['리치', '울', '하프', '코트', '그레이']"
4431843,"리치 울 하프 코트, 네이비","['리치', '울', '하프', '코트', '네이비']"
4431870,"와이드 레오파드 팬츠, 챠콜","['와이드', '레오파드', '팬츠', '챠콜']"
4432439,M-Logo 레인보우 라벨 하프넥 플리스 집업 2 color (JQ5TZU191),"['레인보우', '라벨', '하프넥', '플리스', '집업', 'color']"
4436943,핸드볼 스페지알 - 그린 / IG6192,"['핸드볼', '스페지알', '그린']"
4437631,페이드 워싱 B-3 무스탕 자켓_블랙,"['페이드', '워싱', '무스탕', '자켓', '블랙']"
4438290,두굿_[COUTURE]울혼방하프발마칸코트 - 2color MYCA7105,"['두굿', 'COUTURE', '울혼방하프발마칸코트']"
4439440,Focus 피그먼트 후드티,"['Focus', '피그먼트', '후드티']"
4440027,BIG TYPO HOODIE BLACK,"['BIG', 'TYPO', 'HOODIE', 'BLACK']"
4440029,BIG TYPO HOODIE GREY,"['BIG', 'TYPO', 'HOODIE', 'GREY']"
4440503,컨투어 다운 자켓 W_LC2581300,"['컨투어', '다운', '자켓']"
4440511,컨투어 다운 자켓 W_LC2581200,"['컨투어', '다운', '자켓']"
4442079,에어 조던 1 로우 W - 블랙:화이트 / DC0774-101,"['에어', '조던', '로우', 'W', '블랙', '화이트']"
4442080,에어 조던 1 로우 W - 울프 그레이:화이트 / DC0774-105,"['에어', '조던', '로우', 'W', '울프', '그레이', '화이트']"
4442864,히든 레더 무스탕 점퍼_2COLOR,"['히든', '레더', '무스탕']"
4442864,히든 레더 무스탕 점퍼_Black,"['히든', '레더', '무스탕', '점퍼', 'Black']"
4444583,팔레르모 빈티지 -카라멜라떼-바닐라 / 396841-02,"['팔레르모', '빈티지', '카라멜라떼', '바닐라']"
4445975,나그랑 크루넥 코튼 스웨터 컬렉션,"['나그랑', '크루넥', '코튼', '스웨터', '컬렉션']"
4446128,Banana Boy Hoodie (Brown)_K24ZB767,"['Banana', 'Boy', 'Hoodie']"
4446306,아모어 더플 노르딕 울 카디건_Sky Breeze,"['아모어', '더플', '노르딕', '울', '카디건', 'Sky', 'Breeze']"
4446878,남녀공용 릴렉스핏 숏 푸퍼 J400477 BEH,"['남녀공용', '릴렉스핏', '숏', '푸퍼', 'BEH']"
4450944,2WAY 에센셜 헤비웨이트 노르딕 가디건_차콜 그레이,"['에센셜', '헤비웨이트', '노르딕', '가디건', '차콜', '그레이']"
4451137,CLASSIC LOGO EMBROIDERY HOODIE BRUSHED oatmeal,"['CLASSIC', 'LOGO', 'EMBROIDERY', 'HOODIE', 'BRUSHED', 'oatmeal']"
4451153,CLASSIC LOGO EMBROIDERY SWEATSHIRT BRUSHED oatmeal,"['CLASSIC', 'LOGO', 'EMBROIDERY', 'SWEATSHIRT', 'BRUSHED', 'oatmeal']"
4451668,미니멀 카라 다운 자켓 (블랙),"['미니멀', '카라', '다운', '자켓', '블랙']"
4451767,W GLOSSY DUCK DOWN CROP PUFFER black,"['W', 'GLOSSY', 'DUCK', 'DOWN', 'CROP', 'PUFFER', 'black']"
4451771,W BASIC DUCK DOWN CROP PUFFER ivory,"['W', 'BASIC', 'DUCK', 'DOWN', 'CROP', 'PUFFER', 'ivory']"
4452115,스탠드 칼라 넥 다운 푸퍼 (블랙),"['스탠드', '칼라', '넥', '다운', '푸퍼', '블랙']"
4452180,(EDITION) 아디스타 XLG SMU - 실버 / JH8827,"['아디스타', 'XLG', 'SMU', '실버']"
4452183,(EDITION) 아디스타 XLG SMU - 트리플블랙 / JH8828,"['아디스타', 'XLG', 'SMU', '트리플블랙']"
4452597,젤-카야노 14 무신사 에디션 - 화이트:블랙 / 1203A709-100,"['젤', '카야노', '무신사', '에디션', '화이트', '블랙']"
4452600,젤-1130 무신사 에디션 - 스모크 그레이:자바 / 1203A708-020,"['젤', '1130', '무신사', '에디션', '스모크', '그레이', '자바']"
4453772,NS93Q76J 화이트라벨 눕시 뮬_BLACK,"['화이트라벨', '눕시', '뮬', 'BLACK']"
4454285,오버사이즈 알파카 블렌드 더플 코트 (다크브라운멜란지),"['오버사이즈', '알파카', '블렌드', '더플', '코트', '다크브라운멜란지']"
4454673,[기모] 레드애플 스웻셔츠-오트밀,"['기모', '레드애플', '스웻셔츠', '오트밀']"
4454885,에센셜 시티 크롭 패딩 점퍼_4COLORS,"['에센셜', '시티', '크롭', '패딩']"
4456849,NJ1DQ64A 남성 오푸스 RDS 다운 자켓_BLACK,"['남성', '오푸스', 'RDS', '다운', '자켓', 'BLACK']"
4457067,ORIGINAL MAXI FLATFORM BOOTS MINI(3.5inch) - 3 colors,"['ORIGINAL', 'MAXI', 'FLATFORM', 'BOOTS', 'colors']"
4457147,NEW ORIGINAL WINTER BOOTS SHORT(6inch) - 5 colors,"['NEW', 'ORIGINAL', 'WINTER', 'BOOTS', 'colors']"
4457231,NEW ORIGINAL WINTER FUR MULES - 7 colors,"['NEW', 'ORIGINAL', 'WINTER', 'FUR', 'MULES', 'colors']"
4457252,NEW ORIGINAL WINTER SLIPPERS - 8 colors,"['NEW', 'ORIGINAL', 'WINTER', 'SLIPPERS', 'colors']"
4457420,트랙 팬츠 - 브라운 / JD5263,"['트랙', '팬츠', '브라운']"
4457972,우먼 크롭 숏 다운 브라운,"['우먼', '크롭', '숏', '다운', '브라운']"
4457974,우먼 크롭 숏 다운 블랙,"['우먼', '크롭', '숏', '다운', '블랙']"
4457996,베이직 다운 블랙,"['베이직', '다운', '블랙']"
4460354,여성 크롭 유광 커브 패딩 NY (Black),"['여성', '크롭', '유광', '커브', '패딩', 'NY']"
4460716,PERTEX® T Down Jacket Black,"['T', 'Down', 'Jacket', 'Black']"
4463013,샥스 TL W - 블랙:맥스 오렌지 / AR3566-002,"['샥스', 'TL', 'W', '블랙', '맥스', '오렌지']"
4464038,클래식 퍼프 모크 - 블랙/블랙 / 210706-060,"['클래식', '퍼프', '모크', '블랙', '블랙']"
4464083,인텔리 코튼 크루넥 니트 올리브 카키,"['인텔리', '코튼', '크루넥', '니트', '올리브', '카키']"
4464347,Reversible Hoodie Zip-Up Check Blue,"['Reversible', 'Hoodie', 'Check', 'Blue']"
4464735,ACG 써마 핏 ADV 루나 레이크 자켓 M - 라이트 오어우드 브라운:서밋 화이트 / FV8911-104,"['ACG', '써마', '핏', 'ADV', '루나', '레이크', '자켓', 'M', '라이트', '오어우드', '브라운', '서밋', '화이트']"
4464736,스포츠웨어 클럽 패딩 자켓 M - 블랙:화이트 / FB7369-010,"['스포츠웨어', '클럽', '패딩', '자켓', 'M', '블랙', '화이트']"
4464852,코위찬 후드 집업 아이보리,"['코위찬', '후드', '집업', '아이보리']"
4467040,레드 하트 로고 후드 - 블랙 / BFUSW235730001,"['레드', '하트', '로고', '후드', '블랙']"
4467373,B. 스트링 와이드 벌룬 핏 스웨트 팬츠 ( 5Color ),"['스트링', '와이드', '벌룬', '핏', '스웨트', '팬츠']"
4467468,[2PACK]소프트 하프 폴라 모크넥 니트 티셔츠 3Color,"['하프', '폴라', '모크넥', '니트', '티셔츠']"
4468339,[2PACK] GRVE SWEATSHIRT (3COLOR) [LRSSCTM705M],"['GRVE', 'SWEATSHIRT']"
4469328,24FW RDS 씨빅 오리진 숏 푸퍼 블랙,"['RDS', '씨빅', '오리진', '숏', '푸퍼', '블랙']"
4470056,서스테인 발마칸 패딩 코트 - 2 COLOR,"['서스테인', '발마칸', '패딩', '코트', 'COLOR']"
4470119,삼바 XLG - 블랙 / IH2219,"['삼바', 'XLG', '블랙']"
4470740,예티 푸퍼 덕다운 패딩 : 4컬러,"['예티', '푸퍼', '덕다운', '패딩', '4컬러']"
4470917,코어 익스트림 패딩 자켓 (3color),"['코어', '익스트림', '패딩', '자켓']"
4471064,(Renew Ver.) 투턱 와이드 스웨트 팬츠 ( 4Color ) ( 기모선택 ),"['투턱', '와이드', '스웨트', '팬츠', '기모선택']"
4471344,복서 호그 2.0 FX0561,"['복서', '호그']"
4474775,[Fly Fishing Club] Waxed ripstop down parka_AZUCW24200NYX,"['Fishing', 'Waxed', 'ripstop', 'down']"
4475477,샥스 R4 W - 블랙:맥스 오렌지 / AR3565-004,"['샥스', 'W', '블랙', '맥스', '오렌지']"
4475936,커브 패딩 NY (Black),"['커브', '패딩', 'NY']"
4476487,울리치 트렌치 맥코트_Oatmeal,"['울리치', '트렌치', '맥코트', 'Oatmeal']"
4477835,[MEN] 인/아웃 패딩 부티 - 블랙 MFF4001WWUBUU,"['인', '아웃', '패딩', '부티', '블랙']"
4478765,SMOCK PUFFER DOWN PARKA _ BLACK,"['SMOCK', 'PUFFER', 'DOWN', 'PARKA', 'BLACK']"
4479890,미니멀 후론 후드 다운 자켓 [BLACK],"['미니멀', '후론', '후드', '다운', '자켓']"
4480291,울리치 발마칸 오버 코트_5COLOR,"['울리치', '발마칸', '오버']"
4480291,울리치 발마칸 오버 코트_Black,"['울리치', '발마칸', '오버', '코트', 'Black']"
4480309,울 자카드 후드 더플 니트_3COLOR,"['울', '자카드', '후드', '더플']"
4480309,울 자카드 후드 더플 니트_Beige,"['울', '자카드', '후드', '더플', '니트', 'Beige']"
4480313,울 자카드 후드 더플 니트_Midnight Blue,"['울', '자카드', '후드', '더플', '니트', 'Midnight', 'Blue']"
4481198,[SET] 세미 크롭 니트 - 라운드/터틀넥,"['세미', '크롭', '니트', '라운드', '터틀넥']"
4481761,BACK HEART STITCH POCKET SWEAT JOGGER PANTS CREAM YELLOW,"['BACK', 'HEART', 'STITCH', 'POCKET', 'SWEAT', 'JOGGER', 'PANTS', 'CREAM', 'YELLOW']"
4482572,[3차 리오더] BOUCLE BUCKLE WINTER BOOTS / BLACK,"['3차', '리오더', 'BOUCLE', 'BUCKLE', 'WINTER', 'BOOTS', 'BLACK']"
4483087,[WOOL 80] (우먼) 울 세미오버핏 발마칸 로브코트_블랙,"['우먼', '울', '세미오버핏', '발마칸', '로브코트', '블랙']"
4483145,헤어리 버튼 울 숏 코트_2Color,"['헤어리', '버튼', '울', '숏']"
4483611,TCM starfish sweat pants (black),"['TCM', 'starfish', 'sweat', 'pants']"
4483613,TCM starfish sweat pants (grey),"['TCM', 'starfish', 'sweat', 'pants']"
4483616,TCM starfish mini logo mohair knit (charcoal),"['TCM', 'starfish', 'mini', 'logo', 'mohair', 'knit']"
4483619,TCM starfish mini logo mohair knit (beige),"['TCM', 'starfish', 'mini', 'logo', 'mohair', 'knit']"
4483644,TCM web raglan light puffer jacket (black),"['TCM', 'web', 'raglan', 'light', 'puffer', 'jacket']"
4483649,보위 윈터 슈즈  R24U001 (SU체스넛),"['보위', '윈터', '슈즈', 'SU체스넛']"
4483651,보위 윈터 슈즈  R24U001 (SU퍼플),"['보위', '윈터', '슈즈', 'SU퍼플']"
4483652,크로코 윈터 슈즈  R24U003 (블랙 스웨이드),"['크로코', '윈터', '슈즈', '블랙', '스웨이드']"
4483656,크로코 윈터 슈즈  R24U003 (베이지 스웨이드),"['크로코', '윈터', '슈즈', '베이지', '스웨이드']"
4483974,스포츠웨어 클럽  패딩 베스트 M - 블랙:화이트 / FB7374-010,"['스포츠웨어', '클럽', '패딩', '베스트', 'M', '블랙', '화이트']"
4483981,스포츠웨어 스우시 오픈 헴 플리스 팬츠 M - 블랙:화이트 / FN3343-010,"['스포츠웨어', '스우시', '오픈', '헴', '플리스', '팬츠', 'M', '블랙', '화이트']"
4487741,Basic Crop Mustang in Black/Black,"['Basic', 'Crop', 'Mustang', 'in']"
4489823,BB 트랙탑 - 다크브라운 / JD5267,"['BB', '트랙탑', '다크브라운']"
4489845,VTG 쉐르파 데님 워크 자켓_Washed Black,"['VTG', '쉐르파', '데님', '워크', '자켓', 'Washed', 'Black']"
4491785,DSN Down Puffer Jacket Black,"['DSN', 'Down', 'Puffer', 'Jacket', 'Black']"
4492190,클래식 어그 부츠 COOSAC025,"['클래식', '어그', '부츠']"
4493677,와일드띵스 마운틴 필드 패딩 자켓 그라파이트,"['와일드띵스', '마운틴', '필드', '패딩', '자켓', '그라파이트']"
4493982,N244UWT354 플러피 슬립온 BLACK,"['플러피', '슬립온', 'BLACK']"
4494168,TORAY DELFY 구스 다운 점퍼 GRAY,"['TORAY', 'DELFY', '구스', '다운', '점퍼', 'GRAY']"
4494169,TORAY DELFY™ 구스 다운 점퍼 BLACK,"['TORAY', '구스', '다운', '점퍼', 'BLACK']"
4495199,푸마 투리노 II SD - 브라운:데저트 더스트 / 397453-02,"['푸마', '투리노', 'II', 'SD', '브라운', '데저트', '더스트']"
4495565,2023 캐논 구스 롱다운 자켓 블랙(SO323XDJ91),"['캐논', '구스', '롱다운', '자켓']"
4496166,가젤 볼드 W - 크림슨핑크 / IG4389,"['가젤', '볼드', 'W', '크림슨핑크']"
4496170,핸드볼 스페지알  - 원더베이지 / IE3699,"['핸드볼', '스페지알', '원더베이지']"
4496173,파라슈트 팬츠 - 블랙 / IY2075,"['파라슈트', '팬츠', '블랙']"
4496913,KITTY TAG HOODIE - OATMEAL,"['KITTY', 'TAG', 'HOODIE', 'OATMEAL']"
4496942,LIGHT DOWN HOODIE JUMPER - BLACK,"['LIGHT', 'DOWN', 'HOODIE', 'JUMPER', 'BLACK']"
4497287,Bbodeuk 소가죽 방한슈즈,"['Bbodeuk', '소가죽', '방한슈즈']"
4497999,OG PUFFER DUCK DOWN PARKA,"['OG', 'PUFFER', 'DUCK', 'DOWN', 'PARKA']"
4498804,오블리크 스웨이드 무스탕 자켓 [BROWN],"['오블리크', '스웨이드', '무스탕', '자켓']"
4498805,오블리크 스웨이드 무스탕 자켓 [BLACK],"['오블리크', '스웨이드', '무스탕', '자켓']"
4499477,[WOOL 80] 울리치 발마칸 로브코트_블랙,"['울리치', '발마칸', '로브코트', '블랙']"
4499775,오버핏 2-WAY 더플 후드 롱패딩_블랙,"['오버핏', '더플', '후드', '롱패딩', '블랙']"
4499777,오버핏 2-WAY 더플 후드 롱패딩_베이지,"['오버핏', '더플', '후드', '롱패딩', '베이지']"
4501456,토바코 - 네이비 / JR2743,"['토바코', '네이비']"
4501461,베른 W - 네이비:베이지 / IG2004,"['베른', 'W', '네이비', '베이지']"
4501462,베른 W - 원더화이트 / IG2006,"['베른', 'W', '원더화이트']"
4501837,Frill Layered Long Sleeve Black,"['Frill', 'Layered', 'Long', 'Sleeve', 'Black']"
4502200,NJ1DQ53A 남성 1994 레트로 힘 다운 파카 (RDS 다운)_BLACK,"['남성', '레트로', '힘', '다운', '파카', '다운', 'BLACK']"
4502588,N - WINTER / CAMEL,"['N', 'WINTER', 'CAMEL']"
4502604,N - WINTER / COCOA,"['N', 'WINTER', 'COCOA']"
4502617,N - SNOW / CAMEL,"['N', 'SNOW', 'CAMEL']"
4502788,N - HERI / BROWN,"['N', 'HERI', 'BROWN']"
4502795,N - HERI / SAND,"['N', 'HERI', 'SAND']"
4502935,N - ROAD BOOTS / BROWN,"['N', 'ROAD', 'BOOTS', 'BROWN']"
4503530,NS99Q73J 화이트라벨 구스 다운 숏 부츠,"['화이트라벨', '구스', '다운', '숏', '부츠']"
4503558,NS93Q77J 화이트라벨 보레알리스 뮬,"['화이트라벨', '보레알리스', '뮬']"
4503687,솔리드 다운 퍼핀 숏푸퍼 블랙,"['솔리드', '다운', '퍼핀', '숏푸퍼', '블랙']"
4505375,CDM Basic Logo Sweater - Black,"['CDM', 'Basic', 'Logo', 'Sweater', 'Black']"
4506373,루즈 워시드 벌룬핏 와이드 데님 팬츠 유니섹스 (블랙/블루),"['루즈', '워시드', '벌룬핏', '와이드', '데님', '팬츠', '유니섹스', '블랙', '블루']"
4507335,핸드볼 스페지알 - 원더베이지:블랙 / IE3698,"['핸드볼', '스페지알', '원더베이지', '블랙']"
4507921,NBNPE4W102 / WOMEN 액티브 숏 구스다운 (6컬러),"['WOMEN', '액티브', '숏', '구스다운', '6컬러']"
4508006,[24년 리뉴얼VER.] RDS 유틸리티 덕다운 후드 숏패딩_카키,"['24년', '리뉴얼VER', 'RDS', '유틸리티', '덕다운', '후드', '숏패딩', '카키']"
4508009,[24년 리뉴얼VER.] RDS 유틸리티 덕다운 후드 숏패딩_블랙,"['24년', '리뉴얼VER', 'RDS', '유틸리티', '덕다운', '후드', '숏패딩', '블랙']"
4508016,[24년 리뉴얼VER.] RDS 유틸리티 덕다운 푸파 숏패딩_2color,"['24년', '리뉴얼VER', 'RDS', '유틸리티', '덕다운', '푸파']"
4508023,[24년Ver.] RDS 에센셜 덕다운 푸파 숏패딩_블랙,"['RDS', '에센셜', '덕다운', '푸파', '숏패딩', '블랙']"
4508146,N244UDW910 레이만 숏기장 다운 점퍼 CARBON BLACK,"['레이만', '숏기장', '다운', '점퍼', 'CARBON', 'BLACK']"
4508986,레오파드 아플리케 후드집업 - 브라운,"['레오파드', '아플리케', '후드집업', '브라운']"
4509369,WTRD5116 카메룬 스웨이드 7홀 워커 카멜 [230~290MM],"['카메룬', '스웨이드', '7홀', '워커', '카멜']"
4509977,반폴라 세미 오버핏 모크넥 니트 [블랙],"['반폴라', '세미', '오버핏', '모크넥', '니트', '블랙']"
4512312,리벳 아플리케 포켓 로고 후드 10color,"['리벳', '아플리케', '포켓', '로고', '후드']"
4512871,COMFORT WOOL KNIT HOOD [GRAY],"['COMFORT', 'WOOL', 'KNIT', 'HOOD']"
4512998,그레이웨일 더블 코트 카키,"['그레이웨일', '더블', '코트', '카키']"
4512999,그레이웨일 더블 코트 FELTRO 블랙,"['그레이웨일', '더블', '코트', 'FELTRO', '블랙']"
4514674,워셔블 노르딕 자카드 카라넥 2WAY 집업 니트 [베이지],"['워셔블', '노르딕', '자카드', '카라넥', '집업', '니트', '베이지']"
4514677,워셔블 노르딕 자카드 카라넥 2WAY 집업 니트 [블랙],"['워셔블', '노르딕', '자카드', '카라넥', '집업', '니트', '블랙']"
4515471,유니온 빅 오버 패딩 파카_2COLOR,"['유니온', '빅', '오버', '패딩']"
4515504,POLAR GOOSE DOWN PARKA,"['POLAR', 'GOOSE', 'DOWN', 'PARKA']"
4515548,더플 풀 패딩 코트_Charcoal,"['더플', '풀', '패딩', '코트', 'Charcoal']"
4517029,G CONTRAST SWEATPANTS (NAVY),"['G', 'CONTRAST', 'SWEATPANTS']"
4517169,V2K 런 GTX W - 라이트 아이언 오어:라이트 본:카키 / FZ2622-002,"['런', 'GTX', 'W', '라이트', '아이언', '오어', '라이트', '본', '카키']"
4517602,MTE 스케이트 하이 고어텍스 - 인센스 / VN000CVS4MG1,"['MTE', '스케이트', '하이', '고어텍스', '인센스']"
4517688,NS99Q53A 부띠 숏_BLACK,"['부띠', '숏', 'BLACK']"
4518081,NJ1DQ52A 남성 펠릭스 RDS 다운 자켓_BLACK,"['남성', '펠릭스', 'RDS', '다운', '자켓', 'BLACK']"
4521033,[WMC x HINA] 락스타 후드_CHARCOAL GREY,"['x', '락스타', '후드', 'CHARCOAL', 'GREY']"
4521039,LOGO TAPING PUFFER DOWN JUMPER FOR WOMEN IN BLACK,"['LOGO', 'TAPING', 'PUFFER', 'DOWN', 'JUMPER', 'FOR', 'WOMEN', 'IN', 'BLACK']"
4522149,부클 하프 울 코트_2Color,"['부클', '하프', '울']"
4522544,[미누의코디 x 식스핏] BOLD TOE DERBY (MATT SUEDE),"['미누의코디', 'x', '식스핏', 'BOLD', 'TOE', 'DERBY']"
4523099,터프패디드 FS 코듀로이 - 블랙:그레이 / 402172-01,"['터프패디드', 'FS', '코듀로이', '블랙', '그레이']"
4523100,터프패디드 FS 코듀로이 - 카라멜:화이트 / 402172-02,"['터프패디드', 'FS', '코듀로이', '카라멜', '화이트']"
4523101,터프패디드 FS 코듀로이 - 블랙:웜 / 402172-03,"['터프패디드', 'FS', '코듀로이', '블랙', '웜']"
4525646,킬샷 2 레더 프리미엄 M - 블랙:세일:바로크 브라운:메탈릭 다크 그레이 / HQ3489-010,"['킬샷', '레더', '프리미엄', 'M', '블랙', '세일', '바로크', '브라운', '메탈릭', '다크', '그레이']"
4525647,코르테즈 레더 SE M - 메탈릭 쿨 그레이:블랙:검 다크 브라운 / HQ3490-099,"['코르테즈', '레더', 'SE', 'M', '메탈릭', '쿨', '그레이', '블랙', '검', '다크', '브라운']"
4526960,시티 플러피 그래픽 후디_MELANGE WHITE,"['시티', '플러피', '그래픽', '후디', 'MELANGE', 'WHITE']"
4527007,시티 스내피 그래픽 스웨트 셔츠_MELANGE WHITE,"['시티', '스내피', '그래픽', '스웨트', '셔츠', 'MELANGE', 'WHITE']"
4527799,Spitfire 왁스 코팅 다운 점퍼_AYUCW24731KHX,"['Spitfire', '왁스', '코팅', '다운']"
4531158,베티붑 오버핏 브이넥 니트_레드,"['베티붑', '오버핏', '브이넥', '니트', '레드']"
4531994,베이직 패딩,"['베이직', '패딩']"
4531994,베이직 푸퍼_SPJPF11C11,['베이직']
4536559,원턱 와이드 코듀로이 밴딩 팬츠 3Color,"['원턱', '와이드', '코듀로이', '밴딩', '팬츠']"
4537664,푸마 터프 테라 Gloss - 블랙:그레이 / 403033-01,"['푸마', '터프', '테라', 'Gloss', '블랙', '그레이']"
4537666,푸마 터프 테라 Hi Gloss - 블랙:다크그레이 / 403034-01,"['푸마', '터프', '테라', 'Hi', 'Gloss', '블랙', '다크그레이']"
4537667,푸마 터프 테라 Mid Gloss - 블랙:다크그레이 / 403035-01,"['푸마', '터프', '테라', 'Mid', 'Gloss', '블랙', '다크그레이']"
4538569,[오정규X드로우핏] 시어링 미니멀 무스탕 자켓 [BEIGE],"['오정규X드로우핏', '시어링', '미니멀', '무스탕', '자켓']"
4538900,더블 다크스타 척 70 A04954C,"['더블', '다크스타', '척']"
4539005,(기모) 투턱 와이드 롱 스웨트 팬츠 2color,"['기모', '투턱', '와이드', '롱', '스웨트', '팬츠']"
4540912,V2K 런 GTX W - 블랙:아이언 그레이:미디엄 애쉬 / FZ2622-001,"['런', 'GTX', 'W', '블랙', '아이언', '그레이', '미디엄', '애쉬']"
4541879,[WOMEN] 인/아웃 푸퍼 니트 커프 부츠 - 화이트윌로우 WFS2265RENWWG,"['인', '아웃', '푸퍼', '니트', '커프', '부츠', '화이트윌로우']"
4542527,CHUNKY CRWNECK SWEATER (IVORY),"['CHUNKY', 'CRWNECK', 'SWEATER']"
4542605,글로시 다이애그널 크롭 푸퍼_GLOSSY BLACK,"['글로시', '다이애그널', '크롭', '푸퍼', 'GLOSSY', 'BLACK']"
4543780,[기모Ver] 클래식 코듀로이 팬츠_6Color,"['기모Ver', '클래식', '코듀로이']"
4544315,폴드 포켓 니트 후드 가디건,"['폴드', '포켓', '니트', '후드', '가디건']"
4544914,테린 코듀로이 융기모 팬츠,"['테린', '코듀로이', '융기모', '팬츠']"
4545078,피티드 스웨이드 무스탕 [블랙],"['피티드', '스웨이드', '무스탕', '블랙']"
4545221,엘비 패딩부츠 (블랙),"['엘비', '패딩부츠', '블랙']"
4546104,P-6000 M - 메탈릭 실버:세일:블랙:메탈릭 실버 / CN0149-001,"['M', '메탈릭', '실버', '세일', '블랙', '메탈릭', '실버']"
4546106,P-6000 M - 플랫 퓨터:라이트 아이언 오어:메탈릭 실버:화이트 / FN7509-029,"['M', '플랫', '퓨터', '라이트', '아이언', '오어', '메탈릭', '실버', '화이트']"
4548286,[WOMEN] 오리지날 인트레피드 숏 스노우부츠 - 블랙,"['오리지날', '인트레피드', '숏', '스노우부츠', '블랙']"
4548293,[UNISEX] 인트레피드 버클 숏 스노우부츠 - 블랙,"['인트레피드', '버클', '숏', '스노우부츠', '블랙']"
4548659,NJ1DQ66C 남성 1996 워터 쉴드 눕시 다운 자켓_REAL BLACK,"['남성', '워터', '쉴드', '눕시', '다운', '자켓', 'REAL', 'BLACK']"
4548676,NJ1DQ66A 남성 1996 워터 쉴드 눕시 다운 자켓_BEIGE BROWN,"['남성', '워터', '쉴드', '눕시', '다운', '자켓', 'BEIGE', 'BROWN']"
4548931,NJ1DQ85K 화이트라벨 여성 노벨티 눕시 RDS 다운 자켓_WHITE,"['화이트라벨', '여성', '노벨티', '눕시', 'RDS', '다운', '자켓', 'WHITE']"
4548940,NJ1DQ86L 화이트라벨 여성 노벨티 눕시 디테쳐블 다운 자켓 (RDS)_CREAM,"['화이트라벨', '여성', '노벨티', '눕시', '디테쳐블', '다운', '자켓']"
4548961,NJ1DQ86K 화이트라벨 여성 노벨티 눕시 디테쳐블 다운 자켓 (RDS)_BROWN,"['화이트라벨', '여성', '노벨티', '눕시', '디테쳐블', '다운', '자켓']"
4550081,CLOUDY FLATFORM FUR SLINGBACK - 2 colors,"['CLOUDY', 'FLATFORM', 'FUR', 'SLINGBACK', 'colors']"
4550090,WINTER FUR SLIPPERS - 4 colors,"['WINTER', 'FUR', 'SLIPPERS', 'colors']"
4553941,언샘블 퍼 레더 하프 코트_2Color,"['언샘블', '퍼', '레더', '하프']"
4556222,더블니 기모 트레이닝 팬츠[멜란지그레이],"['더블니', '기모', '트레이닝', '팬츠', '멜란지그레이']"
4556433,폴라폴리스 라인 트레이닝 팬츠[그레이],"['폴라폴리스', '라인', '트레이닝', '팬츠', '그레이']"
4556448,기모 벌룬핏 스웨트 팬츠[브라운],"['기모', '벌룬핏', '스웨트', '팬츠', '브라운']"
4556449,기모 벌룬핏 스웨트 팬츠[라이트그레이],"['기모', '벌룬핏', '스웨트', '팬츠', '라이트그레이']"
4561982,에어 조던 1 로우 M - 화이트:미드나이트 네이비:울프 그레이 / 553558-141,"['에어', '조던', '로우', 'M', '화이트', '미드나이트', '네이비', '울프', '그레이']"
4562716,핸드볼 스페지알 IG1978,"['핸드볼', '스페지알']"
4563068,Route Tan,"['Route', 'Tan']"
4563123,Route Black,"['Route', 'Black']"
4565779,NJ3NQ71A 남성 아스펜 EX 온볼 자켓_BLACK,"['남성', '아스펜', 'EX', '온볼', '자켓', 'BLACK']"
4566732,줌 보메로 롬 M - 블랙:레이서 블루 / FV2295-002,"['줌', '보메로', '롬', 'M', '블랙', '레이서', '블루']"
4567880,CAT JACQUARD HOOD ZIP UP KNIT NAVY,"['CAT', 'JACQUARD', 'HOOD', 'ZIP', 'UP', 'KNIT', 'NAVY']"
4569353,아이스제로 레이디 다운자켓,"['아이스제로', '레이디', '다운자켓']"
4572582,24FW 폭스퍼 야상 롱 구스다운 코트,"['폭스퍼', '야상', '롱', '구스다운', '코트']"
4573427,나일론 베이직 다운,"['나일론', '베이직', '다운']"
4573430,카라리스 미들 다운 자켓,"['카라리스', '미들', '다운', '자켓']"
4579212,포레스트 하이킹 슈즈 3 COLOR,"['포레스트', '하이킹', '슈즈', 'COLOR']"
4580355,모어 와이드 데님 팬츠 (10 Colors),"['모어', '와이드', '데님', '팬츠']"
4580386,헤이즈 워시드 와이드 데님 팬츠 (5 Colors),"['헤이즈', '워시드', '와이드', '데님', '팬츠']"
4581524,오리지널 874 워크팬츠 2종,"['오리지널', '워크팬츠', '2종']"
4581760,EUROPEAN GOOSE 벌룬핏 구스다운 점퍼 (3 Color),"['EUROPEAN', 'GOOSE', '벌룬핏', '구스다운', '점퍼']"
4581858,MOUNTAIN DOWN PARKA,"['MOUNTAIN', 'DOWN', 'PARKA']"
4584153,소프트 헨리넥 라운드 긴팔 니트 [블랙],"['소프트', '헨리넥', '라운드', '긴팔', '니트', '블랙']"
4584154,소프트 헨리넥 라운드 긴팔 니트 [베이지],"['소프트', '헨리넥', '라운드', '긴팔', '니트', '베이지']"
4584273,웨이브 플립 (38380501),"['웨이브', '플립']"
4589098,삼바 OG - 브라운 / ID1481,"['삼바', 'OG', '브라운']"
4593750,TNT X TIMBERLAND 목토 GTX 미드,"['TNT', 'X', 'TIMBERLAND', '목토', 'GTX', '미드']"
4595695,NJ1DQ86A 여성 눕시 숏 자켓_BLACK,"['여성', '눕시', '숏', '자켓', 'BLACK']"
4597373,소프트 이중직 반폴라 니트 [블랙],"['소프트', '이중직', '반폴라', '니트', '블랙']"
4600246,솔리드 무톤 자켓 4 COLOR,"['솔리드', '무톤', '자켓', 'COLOR']"
4600247,시티 숏 다운 - 블랙,"['시티', '숏', '다운', '블랙']"
4604316,NC1DQ50A 남성 챌린지 에어 RDS 다운 코트_BLACK,"['남성', '챌린지', '에어', 'RDS', '다운', '코트', 'BLACK']"
4604451,NJ1DQ91A 여성 로프티 RDS 다운 자켓_BLACK,"['여성', '로프티', 'RDS', '다운', '자켓', 'BLACK']"
4605203,SKADI DUCK DOWN - GLOSSY BLACK,"['SKADI', 'DUCK', 'DOWN', 'GLOSSY', 'BLACK']"
4605224,SKADI DUCK DOWN - MATTE BLACK,"['SKADI', 'DUCK', 'DOWN', 'MATTE', 'BLACK']"
4607114,글렌 리버시블 다운 숏패딩 3종 택1,"['글렌', '리버시블', '다운', '숏패딩', '3종', '택1']"
4609720,마펠 캐시미어 발마칸 코트 [3_Color],"['마펠', '캐시미어', '발마칸', '코트']"
4612241,1950 N2B 밀리터리 숏 파카 블랙,"['밀리터리', '숏', '파카', '블랙']"
4612418,브러쉬드 모헤어 페어아일 니트 브라운,"['브러쉬드', '모헤어', '페어아일', '니트', '브라운']"
4613450,Soft Suede Twill Balloon Pants,"['Soft', 'Suede', 'Twill', 'Balloon', 'Pants']"
4619622,T-Logo Hoodie,['Hoodie']
4619625,PERTEX® T Down Jacket,"['T', 'Down', 'Jacket']"
4620865,PREMIER CRU WOOL ELEVEN KNIT [NATURAL BROWN],"['PREMIER', 'CRU', 'WOOL', 'ELEVEN', 'KNIT']"
4621780,삼바 OG JI3932,"['삼바', 'OG']"
4627817,TOBACCO GY7396,['TOBACCO']
4632372,CORDURA® 5B Fond Down Jacket,"['Fond', 'Down', 'Jacket']"
4633419,NJ1DQ51J 화이트라벨 노벨티 눕시 RDS 다운 자켓_BLACK,"['화이트라벨', '노벨티', '눕시', 'RDS', '다운', '자켓', 'BLACK']"
4636163,Axis (36846521),['Axis']
