productId,keywords
2723767,"데일리,라운드,니트,12,color"
2723767,"데일리,라운드,니트,12,color"
2723767,"데일리,라운드,니트,12,color"
4509977,"반폴라,세미,오버핏,모크넥,니트,블랙"
2149254,"베이식,긴팔,티셔츠,2팩"
2149254,"베이식,긴팔,티셔츠,2팩"
4509977,"반폴라,세미,오버핏,모크넥,니트,블랙"
2149254,"베이식,긴팔,티셔츠,2팩"
4509977,"반폴라,세미,오버핏,모크넥,니트,블랙"
1582356,"980g,피그먼트,맨투맨챠콜"
2086653,"레이어드,크루,넥,반팔,티셔츠일반,기장,화이트"
1582356,"980g,피그먼트,맨투맨챠콜"
1582356,"980g,피그먼트,맨투맨챠콜"
2990516,"rvour,1989,후드,sthstd0004"
2990516,"rvour,1989,후드,sthstd0004"
2086653,"레이어드,크루,넥,반팔,티셔츠일반,기장,화이트"
2086653,"레이어드,크루,넥,반팔,티셔츠일반,기장,화이트"
2990516,"rvour,1989,후드,sthstd0004"
4326536,"기모선택,vlad,컷오프,아플리케,후드,티셔츠차콜"
4326536,"기모선택,vlad,컷오프,아플리케,후드,티셔츠차콜"
4326536,"기모선택,vlad,컷오프,아플리케,후드,티셔츠차콜"
4349548,"심볼,로고,풋볼,저지"
4349548,"심볼,로고,풋볼,저지"
4349548,"심볼,로고,풋볼,저지"
4480309,"울,자카드,후드,더플,니트3color"
4421530,"에센셜,헤어리,라운드,니트차콜,그레이"
4480309,"울,자카드,후드,더플,니트3color"
3669072,"2pack,tompkins,loopwheeled,tubular,tee"
3669072,"2pack,tompkins,loopwheeled,tubular,tee"
4480309,"울,자카드,후드,더플,니트3color"
4285909,"오버핏,케이블,라운드,니트,5color"
4285909,"오버핏,케이블,라운드,니트,5color"
4421530,"에센셜,헤어리,라운드,니트차콜,그레이"
4421530,"에센셜,헤어리,라운드,니트차콜,그레이"
4285909,"오버핏,케이블,라운드,니트,5color"
3669072,"2pack,tompkins,loopwheeled,tubular,tee"
1817394,"3pack베이직,트래블러,피그먼트,스웨트셔츠"
1817394,"3pack베이직,트래블러,피그먼트,스웨트셔츠"
1817394,"3pack베이직,트래블러,피그먼트,스웨트셔츠"
3640947,"워셔블,아란,케이블,후드,집업,니트,ivory"
3640947,"워셔블,아란,케이블,후드,집업,니트,ivory"
3495320,"set,스테디,니트,세트"
3640947,"워셔블,아란,케이블,후드,집업,니트,ivory"
3791891,"오버핏,포레스트,체크,셔츠블랙"
3495320,"set,스테디,니트,세트"
3495320,"set,스테디,니트,세트"
4328686,"헤어리,그래픽,로고,오버핏,자카드,니트,blue"
4302685,"sorano,basic,logo,hoodie,4color"
4302685,"sorano,basic,logo,hoodie,4color"
4328686,"헤어리,그래픽,로고,오버핏,자카드,니트,blue"
4328686,"헤어리,그래픽,로고,오버핏,자카드,니트,blue"
4302685,"sorano,basic,logo,hoodie,4color"
1558847,"리뉴얼,하프,터틀넥,니트,세트"
1558847,"리뉴얼,하프,터틀넥,니트,세트"
3791891,"오버핏,포레스트,체크,셔츠블랙"
994588,"옵티멀,베이직,셔츠화이트린넨옥스포드,선택"
994588,"옵티멀,베이직,셔츠화이트린넨옥스포드,선택"
1558847,"리뉴얼,하프,터틀넥,니트,세트"
994588,"옵티멀,베이직,셔츠화이트린넨옥스포드,선택"
3791891,"오버핏,포레스트,체크,셔츠블랙"
3539904,"에센셜,헤어리,라운드,니트라이트,그레이"
3539904,"에센셜,헤어리,라운드,니트라이트,그레이"
3539904,"에센셜,헤어리,라운드,니트라이트,그레이"
3640949,"워셔블,아란,케이블,후드,집업,니트,charcoal"
2684357,"cropped,hairy,knit,melange"
2684357,"cropped,hairy,knit,melange"
3640949,"워셔블,아란,케이블,후드,집업,니트,charcoal"
2122566,"레이어드,크루,넥,반팔,티셔츠일반,기장,2팩"
3546288,"클로버,자수,스웨트셔츠네이비"
2314616,"에센셜,후드,스웻,셔츠,melange,grey"
2684357,"cropped,hairy,knit,melange"
4584154,"소프트,헨리넥,라운드,긴팔,니트,베이지"
2122566,"레이어드,크루,넥,반팔,티셔츠일반,기장,2팩"
3546288,"클로버,자수,스웨트셔츠네이비"
3640949,"워셔블,아란,케이블,후드,집업,니트,charcoal"
2139775,"소프트,필링,세미오버,라운드,니트,초코브라운"
2139775,"소프트,필링,세미오버,라운드,니트,초코브라운"
3066189,"aerocool,long,slv,tee,2pack"
3546288,"클로버,자수,스웨트셔츠네이비"
2314616,"에센셜,후드,스웻,셔츠,melange,grey"
2122566,"레이어드,크루,넥,반팔,티셔츠일반,기장,2팩"
2139775,"소프트,필링,세미오버,라운드,니트,초코브라운"
1208839,"2pack,유니cp기모쭈리,location,맨투맨세미오버핏15colorlrawctm704m712m,304m,gmt501h43"
2990274,"small,center,맨투맨,stmstd0015"
1208839,"2pack,유니cp기모쭈리,location,맨투맨세미오버핏15colorlrawctm704m712m,304m,gmt501h43"
3012570,"워크샵,디비전,피그먼트,후드티,블랙,차콜"
2990463,"small,center,후드,sthstd0015"
1208839,"2pack,유니cp기모쭈리,location,맨투맨세미오버핏15colorlrawctm704m712m,304m,gmt501h43"
3533480,"스페이스,헤비코튼,후드,버건디,kmhd6723"
2990274,"small,center,맨투맨,stmstd0015"
4324518,"하트,칙스,오버핏,라운드,니트"
2314616,"에센셜,후드,스웻,셔츠,melange,grey"
2990463,"small,center,후드,sthstd0015"
947067,"스웨트셔츠,블랙"
3533480,"스페이스,헤비코튼,후드,버건디,kmhd6723"
2990463,"small,center,후드,sthstd0015"
2722805,"tag,og,hoodie,burgundy"
4324518,"하트,칙스,오버핏,라운드,니트"
3012570,"워크샵,디비전,피그먼트,후드티,블랙,차콜"
4584154,"소프트,헨리넥,라운드,긴팔,니트,베이지"
3533480,"스페이스,헤비코튼,후드,버건디,kmhd6723"
3012570,"워크샵,디비전,피그먼트,후드티,블랙,차콜"
4324518,"하트,칙스,오버핏,라운드,니트"
947067,"스웨트셔츠,블랙"
3475395,"기모버전추가시그니처,오버핏,맨투맨4col"
2990274,"small,center,맨투맨,stmstd0015"
4288950,"기모선택,asi,포시즌,에센셜,피그먼트,후드,티셔츠차콜"
4288950,"기모선택,asi,포시즌,에센셜,피그먼트,후드,티셔츠차콜"
2226767,"오버사이즈,집업,카라,터틀넥,니트,5color"
3066189,"aerocool,long,slv,tee,2pack"
3475395,"기모버전추가시그니처,오버핏,맨투맨4col"
2338457,"하트,벌룬,스웻,셔츠3,colors"
2722805,"tag,og,hoodie,burgundy"
3475395,"기모버전추가시그니처,오버핏,맨투맨4col"
404474,"renew,ver,베이직,긴팔티셔츠,4종,5color,"
404474,"renew,ver,베이직,긴팔티셔츠,4종,5color,"
947067,"스웨트셔츠,블랙"
4328682,"헤어리,그래픽,로고,오버핏,자카드,니트,green"
2338457,"하트,벌룬,스웻,셔츠3,colors"
4288950,"기모선택,asi,포시즌,에센셜,피그먼트,후드,티셔츠차콜"
2226767,"오버사이즈,집업,카라,터틀넥,니트,5color"
2684358,"cropped,hairy,knit,grass,green"
3050501,"2pack,루즈핏,롱슬리브"
4328682,"헤어리,그래픽,로고,오버핏,자카드,니트,green"
4328682,"헤어리,그래픽,로고,오버핏,자카드,니트,green"
2226767,"오버사이즈,집업,카라,터틀넥,니트,5color"
3050501,"2pack,루즈핏,롱슬리브"
3050501,"2pack,루즈핏,롱슬리브"
404474,"renew,ver,베이직,긴팔티셔츠,4종,5color,"
2684358,"cropped,hairy,knit,grass,green"
2058188,"tag,og,hoodie,black"
2684358,"cropped,hairy,knit,grass,green"
2722805,"tag,og,hoodie,burgundy"
2194649,"카라,케이블,니트,집업,블랙"
2338457,"하트,벌룬,스웻,셔츠3,colors"
4584154,"소프트,헨리넥,라운드,긴팔,니트,베이지"
2109937,"피치스킨,벌룬오버,후드,블랙"
2109937,"피치스킨,벌룬오버,후드,블랙"
1615829,"로그,오버핏,기모,후드,그레이,yhhd2302"
2194649,"카라,케이블,니트,집업,블랙"
1615829,"로그,오버핏,기모,후드,그레이,yhhd2302"
2757451,"니티드x깡스타일리스트,코튼,미니멀,라운드,니트,2color"
3417709,"우먼즈,슬림,크루,넥,긴소매,티셔츠,화이트"
2692476,"남녀공용,릴렉스핏,모노그램,로고,후디,j327360,beh"
2058188,"tag,og,hoodie,black"
2194649,"카라,케이블,니트,집업,블랙"
2970542,"피치스킨,러스티,로고,스웨트셔츠,웜그레이"
4388024,"패션플래닛x더니트컴퍼니,워셔블,코튼,크루넥,니트,12color"
4481198,"set,세미,크롭,니트,라운드터틀넥"
2757451,"니티드x깡스타일리스트,코튼,미니멀,라운드,니트,2color"
3223007,",2pack,퓨어코튼,레이어드,체인,반팔티"
2970542,"피치스킨,러스티,로고,스웨트셔츠,웜그레이"
4265248,"그래피티,로고,후드티네이비"
854337,"릴렉스,핏,옥스포드,셔츠,화이트"
854337,"릴렉스,핏,옥스포드,셔츠,화이트"
1615829,"로그,오버핏,기모,후드,그레이,yhhd2302"
4388024,"패션플래닛x더니트컴퍼니,워셔블,코튼,크루넥,니트,12color"
2970541,"피치스킨,러스티,로고,스웨트셔츠,블랙"
4394773,"tag,hoodie,ash"
4265248,"그래피티,로고,후드티네이비"
2043056,"set,후드티,맨투맨,선택,cgp,아치,로고,셋업네이비"
3417709,"우먼즈,슬림,크루,넥,긴소매,티셔츠,화이트"
3223007,",2pack,퓨어코튼,레이어드,체인,반팔티"
4514674,"워셔블,노르딕,자카드,카라넥,2way,집업,니트,베이지"
2109937,"피치스킨,벌룬오버,후드,블랙"
3223007,",2pack,퓨어코튼,레이어드,체인,반팔티"
2043056,"set,후드티,맨투맨,선택,cgp,아치,로고,셋업네이비"
4265248,"그래피티,로고,후드티네이비"
2970541,"피치스킨,러스티,로고,스웨트셔츠,블랙"
4388024,"패션플래닛x더니트컴퍼니,워셔블,코튼,크루넥,니트,12color"
2043056,"set,후드티,맨투맨,선택,cgp,아치,로고,셋업네이비"
2058188,"tag,og,hoodie,black"
4481198,"set,세미,크롭,니트,라운드터틀넥"
2757451,"니티드x깡스타일리스트,코튼,미니멀,라운드,니트,2color"
854337,"릴렉스,핏,옥스포드,셔츠,화이트"
2970542,"피치스킨,러스티,로고,스웨트셔츠,웜그레이"
2692476,"남녀공용,릴렉스핏,모노그램,로고,후디,j327360,beh"
4467040,"레드,하트,로고,후드,블랙,bfusw235730001"
3539902,"에센셜,헤어리,라운드,니트핑크"
4394773,"tag,hoodie,ash"
4299296,"시티보이,오버핏,럭비,카라,맨투맨,스웻,티셔츠,4color"
4387116,"리브드,오버핏,헨리넥,니트,블랙"
3539902,"에센셜,헤어리,라운드,니트핑크"
4299296,"시티보이,오버핏,럭비,카라,맨투맨,스웻,티셔츠,4color"
2692476,"남녀공용,릴렉스핏,모노그램,로고,후디,j327360,beh"
2970541,"피치스킨,러스티,로고,스웨트셔츠,블랙"
4514674,"워셔블,노르딕,자카드,카라넥,2way,집업,니트,베이지"
3463298,"투톤아치,후드그레이"
3417709,"우먼즈,슬림,크루,넥,긴소매,티셔츠,화이트"
4394773,"tag,hoodie,ash"
4341053,"레드,하트,로고,맨투맨,블랙,bfusw001730001"
2995119,"컬러,배색,1992,그래픽,후드,navy"
4467040,"레드,하트,로고,후드,블랙,bfusw235730001"
4440029,"big,typo,hoodie,grey"
3465171,"소프트,텍스쳐,세미,오버핏,데일리,니트8,color"
2995119,"컬러,배색,1992,그래픽,후드,navy"
4480313,"울,자카드,후드,더플,니트midnight,blue"
1336836,"renew,ver,루즈핏,스웨트,셔츠,9color,기모선택,"
4387116,"리브드,오버핏,헨리넥,니트,블랙"
4299296,"시티보이,오버핏,럭비,카라,맨투맨,스웻,티셔츠,4color"
3539902,"에센셜,헤어리,라운드,니트핑크"
2995119,"컬러,배색,1992,그래픽,후드,navy"
3465171,"소프트,텍스쳐,세미,오버핏,데일리,니트8,color"
1336836,"renew,ver,루즈핏,스웨트,셔츠,9color,기모선택,"
4422975,"워셔블,모크넥,슬리브,니트,블랙"
3539905,"에센셜,헤어리,라운드,니트라이트,그린"
4314115,"mlogo,반집업,맨투맨,jp5tsu839,10colors"
4328687,"헤어리,그래픽,로고,오버핏,자카드,니트,charcoal"
4481198,"set,세미,크롭,니트,라운드터틀넥"
3463298,"투톤아치,후드그레이"
4467040,"레드,하트,로고,후드,블랙,bfusw235730001"
4314115,"mlogo,반집업,맨투맨,jp5tsu839,10colors"
1336836,"renew,ver,루즈핏,스웨트,셔츠,9color,기모선택,"
1139175,"화란,세미오버,니트,블랙"
4480313,"울,자카드,후드,더플,니트midnight,blue"
4440029,"big,typo,hoodie,grey"
2683549,"파로,오버,사이즈,부클,가디건,클래식,블랙"
4440029,"big,typo,hoodie,grey"
4328687,"헤어리,그래픽,로고,오버핏,자카드,니트,charcoal"
4375639,"happy,day,피그먼트,스웨트셔츠,스모크블랙"
3463298,"투톤아치,후드그레이"
4480313,"울,자카드,후드,더플,니트midnight,blue"
4387116,"리브드,오버핏,헨리넥,니트,블랙"
4619622,"tlogo,hoodie"
4341053,"레드,하트,로고,맨투맨,블랙,bfusw001730001"
876284,"블랙set,b스테디,하프,폴라넥"
3465171,"소프트,텍스쳐,세미,오버핏,데일리,니트8,color"
3539905,"에센셜,헤어리,라운드,니트라이트,그린"
4341053,"레드,하트,로고,맨투맨,블랙,bfusw001730001"
876284,"블랙set,b스테디,하프,폴라넥"
4328687,"헤어리,그래픽,로고,오버핏,자카드,니트,charcoal"
4375639,"happy,day,피그먼트,스웨트셔츠,스모크블랙"
4422975,"워셔블,모크넥,슬리브,니트,블랙"
4422975,"워셔블,모크넥,슬리브,니트,블랙"
2683549,"파로,오버,사이즈,부클,가디건,클래식,블랙"
4375639,"happy,day,피그먼트,스웨트셔츠,스모크블랙"
2105452,"980g,피그먼트,컷,후드차콜"
4619622,"tlogo,hoodie"
2184395,"마일드,보카시,크루넥,스웨터,오버핏,니트,블루"
876284,"블랙set,b스테디,하프,폴라넥"
2683549,"파로,오버,사이즈,부클,가디건,클래식,블랙"
2105452,"980g,피그먼트,컷,후드차콜"
1642904,"헤비웨이트,오버사이즈,후디드,스웨트셔츠,미디엄,그레이"
4397049,"4color,doodle,heart,hoodie"
1628939,"미니멀,크루,넥,니트,블랙"
3451265,"cropped,hairy,knit,marina"
4454673,"기모,레드애플,스웻셔츠오트밀"
4514674,"워셔블,노르딕,자카드,카라넥,2way,집업,니트,베이지"
2184395,"마일드,보카시,크루넥,스웨터,오버핏,니트,블루"
1628939,"미니멀,크루,넥,니트,블랙"
3286918,"3pack,small,regular,logo,tee,mix"
3539905,"에센셜,헤어리,라운드,니트라이트,그린"
4305227,"헤비코튼,크루넥,머슬,니트,블랙,24ntl01"
4612418,"브러쉬드,모헤어,페어아일,니트,브라운"
3451265,"cropped,hairy,knit,marina"
1642904,"헤비웨이트,오버사이즈,후디드,스웨트셔츠,미디엄,그레이"
4619622,"tlogo,hoodie"
3451265,"cropped,hairy,knit,marina"
1548435,"탑필,울,라운드,니트,블랙"
3286918,"3pack,small,regular,logo,tee,mix"
4305227,"헤비코튼,크루넥,머슬,니트,블랙,24ntl01"
4454673,"기모,레드애플,스웻셔츠오트밀"
4305227,"헤비코튼,크루넥,머슬,니트,블랙,24ntl01"
2105452,"980g,피그먼트,컷,후드차콜"
1629142,"미니멀,모크,넥,니트,블랙"
4328688,"헤어리,그래픽,로고,오버핏,자카드,니트,black"
4397049,"4color,doodle,heart,hoodie"
4328688,"헤어리,그래픽,로고,오버핏,자카드,니트,black"
4285379,"tcm,rag,hoodie,black"
659554,"세트,하프,폴라,니트,티셔츠"
1629142,"미니멀,모크,넥,니트,블랙"
1642904,"헤비웨이트,오버사이즈,후디드,스웨트셔츠,미디엄,그레이"
4397049,"4color,doodle,heart,hoodie"
2034137,"릴렉스,핏,크루,넥,반팔,티셔츠,2팩"
3019653,"화란,세미오버,니트,20color,"
2705733,"레이어드,크루,넥,긴팔,티셔츠일반,기장,화이트"
2705733,"레이어드,크루,넥,긴팔,티셔츠일반,기장,화이트"
1548435,"탑필,울,라운드,니트,블랙"
1139175,"화란,세미오버,니트,블랙"
1685307,"3팩고밀도순면기본반팔티셔츠,mats0101"
4285379,"tcm,rag,hoodie,black"
1628939,"미니멀,크루,넥,니트,블랙"
659554,"세트,하프,폴라,니트,티셔츠"
1548435,"탑필,울,라운드,니트,블랙"
3481826,"리브드,니트,후디드,집업,미디엄,그레이"
1629142,"미니멀,모크,넥,니트,블랙"
3286918,"3pack,small,regular,logo,tee,mix"
2034137,"릴렉스,핏,크루,넥,반팔,티셔츠,2팩"
3481826,"리브드,니트,후디드,집업,미디엄,그레이"
659554,"세트,하프,폴라,니트,티셔츠"
2990438,"1989,자수,후드,sthstd0025"
3452344,"세터,아플리케,리벳,후드,클래식,네이비"
3442674,"thunder,브러쉬드,니트,네이비"
1685307,"3팩고밀도순면기본반팔티셔츠,mats0101"
3833439,"캐시팝,트위드,크루넥,니트,블랙"
2184395,"마일드,보카시,크루넥,스웨터,오버핏,니트,블루"
4279994,"ag,hoodie,brown"
2705733,"레이어드,크루,넥,긴팔,티셔츠일반,기장,화이트"
3735510,"cashmere,wool,crewneck,knit,melange,grey"
3539903,"에센셜,헤어리,라운드,니트스카이블루"
4454673,"기모,레드애플,스웻셔츠오트밀"
3442674,"thunder,브러쉬드,니트,네이비"
4279994,"ag,hoodie,brown"
4328688,"헤어리,그래픽,로고,오버핏,자카드,니트,black"
2990438,"1989,자수,후드,sthstd0025"
3539903,"에센셜,헤어리,라운드,니트스카이블루"
3735510,"cashmere,wool,crewneck,knit,melange,grey"
3735510,"cashmere,wool,crewneck,knit,melange,grey"
4285379,"tcm,rag,hoodie,black"
4279994,"ag,hoodie,brown"
2034137,"릴렉스,핏,크루,넥,반팔,티셔츠,2팩"
4612418,"브러쉬드,모헤어,페어아일,니트,브라운"
3442674,"thunder,브러쉬드,니트,네이비"
4071966,"레터링,후디,블랙"
3481826,"리브드,니트,후디드,집업,미디엄,그레이"
3019653,"화란,세미오버,니트,20color,"
2990438,"1989,자수,후드,sthstd0025"
4071966,"레터링,후디,블랙"
3539903,"에센셜,헤어리,라운드,니트스카이블루"
3452344,"세터,아플리케,리벳,후드,클래식,네이비"
3539176,"워셔블,투,톤,크루넥,그래픽,니트,black"
2302738,"tag,og,hoodie,navy"
1685307,"3팩고밀도순면기본반팔티셔츠,mats0101"
4329700,"자이언트핏,럭비,저지,롱,슬리브"
4405632,"부클,빅,트위치,로고,니트,라이트,그레이"
4531158,"베티붑,오버핏,브이넥,니트레드"
4071966,"레터링,후디,블랙"
3833439,"캐시팝,트위드,크루넥,니트,블랙"
4531158,"베티붑,오버핏,브이넥,니트레드"
2734776,"heavyweight,waffle,knit,sweater,olive"
2722795,"tag,hoodie,melange,grey"
2734776,"heavyweight,waffle,knit,sweater,olive"
2970544,"피치스킨,러스티,로고,스웨트셔츠,딥블루"
4405632,"부클,빅,트위치,로고,니트,라이트,그레이"
4329700,"자이언트핏,럭비,저지,롱,슬리브"
4329700,"자이언트핏,럭비,저지,롱,슬리브"
2302738,"tag,og,hoodie,navy"
1642903,"헤비웨이트,오버사이즈,후디드,스웨트셔츠,블랙"
3452344,"세터,아플리케,리벳,후드,클래식,네이비"
3539176,"워셔블,투,톤,크루넥,그래픽,니트,black"
655833,"코튼100소프트,베이직,터틀넥,니트,9,color,cooskt006"
3458174,"공용,코튼,베이직,반팔티,3packmse5ts3001"
3019653,"화란,세미오버,니트,20color,"
4567880,"cat,jacquard,hood,zip,knit,navy"
4567880,"cat,jacquard,hood,zip,knit,navy"
655833,"코튼100소프트,베이직,터틀넥,니트,9,color,cooskt006"
1620237,"케이블니트,코튼,스웨터,블루"
1620237,"케이블니트,코튼,스웨터,블루"
2734776,"heavyweight,waffle,knit,sweater,olive"
4450944,"2way,에센셜,헤비웨이트,노르딕,가디건차콜,그레이"
2970544,"피치스킨,러스티,로고,스웨트셔츠,딥블루"
2726744,"하찌,엘보,볼륨,풀오버와인"
3675284,"소프트,ltmt,오버,후디,블루"
4351643,"side,button,knit,grey"
2759813,"sp,팀,로고,후드멜란지,그레이"
4425280,"페어아일,니트,브라운"
2722795,"tag,hoodie,melange,grey"
2778674,"메리노,울,블렌드,하이게이지,터틀,넥,니트,블랙"
2725585,"블러리,로고,스웨트셔츠,블랙"
4351636,"side,button,knit,charcoal"
4280128,"cowichan,hooded,zipup,navy"
2725585,"블러리,로고,스웨트셔츠,블랙"
3675284,"소프트,ltmt,오버,후디,블루"
2970544,"피치스킨,러스티,로고,스웨트셔츠,딥블루"
4405632,"부클,빅,트위치,로고,니트,라이트,그레이"
2778674,"메리노,울,블렌드,하이게이지,터틀,넥,니트,블랙"
2814469,"하프집업니트,6color,mxkt7126"
2814469,"하프집업니트,6color,mxkt7126"
2139704,"소프트,필링,세미오버,라운드,니트,블랙"
4351636,"side,button,knit,charcoal"
3675284,"소프트,ltmt,오버,후디,블루"
1642903,"헤비웨이트,오버사이즈,후디드,스웨트셔츠,블랙"
4425280,"페어아일,니트,브라운"
4425280,"페어아일,니트,브라운"
2725585,"블러리,로고,스웨트셔츠,블랙"
4450944,"2way,에센셜,헤비웨이트,노르딕,가디건차콜,그레이"
3494992,"워셔블,케이블,라운드,니트,5,color"
4467468,"2pack소프트,하프,폴라,모크넥,니트,티셔츠,3color"
2778674,"메리노,울,블렌드,하이게이지,터틀,넥,니트,블랙"
1620237,"케이블니트,코튼,스웨터,블루"
2302738,"tag,og,hoodie,navy"
4227437,"87stan081,원포켓,빈티지,오버핏,긴팔,체크,셔츠,네이비"
3494992,"워셔블,케이블,라운드,니트,5,color"
2139704,"소프트,필링,세미오버,라운드,니트,블랙"
4450944,"2way,에센셜,헤비웨이트,노르딕,가디건차콜,그레이"
2139704,"소프트,필링,세미오버,라운드,니트,블랙"
2697813,"prda,denim,patch,crewneck,shirt"
3458174,"공용,코튼,베이직,반팔티,3packmse5ts3001"
4440027,"big,typo,hoodie,black"
2722795,"tag,hoodie,melange,grey"
3539169,"워셔블,투,톤,크루넥,그래픽,니트,khaki"
3494992,"워셔블,케이블,라운드,니트,5,color"
4496913,"kitty,tag,hoodie,oatmeal"
2759813,"sp,팀,로고,후드멜란지,그레이"
4468339,"2pack,grve,sweatshirt,3color,lrssctm705m"
4348548,"int,prty,hoodie,whitek24zb765"
4421529,"에센셜,헤어리,라운드,니트오트밀"
2814469,"하프집업니트,6color,mxkt7126"
2096583,"set,후드티,맨투맨,선택,cgp,아치,로고,셋업다크그레이"
843276,"퍼펙트,터틀넥,니트,티셔츠,블랙"
4351643,"side,button,knit,grey"
4531158,"베티붑,오버핏,브이넥,니트레드"
4351643,"side,button,knit,grey"
2697813,"prda,denim,patch,crewneck,shirt"
4227437,"87stan081,원포켓,빈티지,오버핏,긴팔,체크,셔츠,네이비"
4467468,"2pack소프트,하프,폴라,모크넥,니트,티셔츠,3color"
1642903,"헤비웨이트,오버사이즈,후디드,스웨트셔츠,블랙"
3539176,"워셔블,투,톤,크루넥,그래픽,니트,black"
4483619,"tcm,starfish,mini,logo,mohair,knit,beige"
843276,"퍼펙트,터틀넥,니트,티셔츠,블랙"
4421529,"에센셜,헤어리,라운드,니트오트밀"
3302463,"심볼,에어,머슬핏,숏,슬리브"
4280128,"cowichan,hooded,zipup,navy"
876277,"블랙b스테디,하프,폴라넥블랙"
4227437,"87stan081,원포켓,빈티지,오버핏,긴팔,체크,셔츠,네이비"
4424524,"넘버볼,후드티,멜란지,그레이"
2759813,"sp,팀,로고,후드멜란지,그레이"
4483619,"tcm,starfish,mini,logo,mohair,knit,beige"
4319472,"헤비,웨이트,피그먼트,나그랑,뒷절개,오버핏,맨투맨,챠콜"
4612418,"브러쉬드,모헤어,페어아일,니트,브라운"
2705740,"오버사이즈,스웨트셔츠,블랙"
876277,"블랙b스테디,하프,폴라넥블랙"
4483619,"tcm,starfish,mini,logo,mohair,knit,beige"
4424524,"넘버볼,후드티,멜란지,그레이"
4378833,"레드,하트,로고,후드,헤더,그레이,bfusw200730055"
4496913,"kitty,tag,hoodie,oatmeal"
2096583,"set,후드티,맨투맨,선택,cgp,아치,로고,셋업다크그레이"
3833439,"캐시팝,트위드,크루넥,니트,블랙"
4316117,"3color,코만도,워시드,피그먼트,스웻셔츠sets041"
4280128,"cowichan,hooded,zipup,navy"
4421529,"에센셜,헤어리,라운드,니트오트밀"
4440027,"big,typo,hoodie,black"
655833,"코튼100소프트,베이직,터틀넥,니트,9,color,cooskt006"
2697813,"prda,denim,patch,crewneck,shirt"
4348548,"int,prty,hoodie,whitek24zb765"
4249938,"빅하트,로고,니트,차콜,uks002018067"
4567880,"cat,jacquard,hood,zip,knit,navy"
3539169,"워셔블,투,톤,크루넥,그래픽,니트,khaki"
4249938,"빅하트,로고,니트,차콜,uks002018067"
3302463,"심볼,에어,머슬핏,숏,슬리브"
4329587,"5574,헤어리,브이넥,니트,아이보리"
2096583,"set,후드티,맨투맨,선택,cgp,아치,로고,셋업다크그레이"
2705740,"오버사이즈,스웨트셔츠,블랙"
843276,"퍼펙트,터틀넥,니트,티셔츠,블랙"
4424524,"넘버볼,후드티,멜란지,그레이"
4249938,"빅하트,로고,니트,차콜,uks002018067"
4467468,"2pack소프트,하프,폴라,모크넥,니트,티셔츠,3color"
4512312,"리벳,아플리케,포켓,로고,후드,10color"
4319472,"헤비,웨이트,피그먼트,나그랑,뒷절개,오버핏,맨투맨,챠콜"
4446128,"banana,boy,hoodie,brownk24zb767"
3777727,"cashmere,wool,crewneck,knit,light,grey"
2723764,"하찌,카라,투웨이,집업,니트,6,color"
3856743,"시티보이,빅,오버핏,빅사이즈,옥스포드,셔츠,4,color"
3442679,"thunder,브러쉬드,니트,핑크"
3777727,"cashmere,wool,crewneck,knit,light,grey"
876277,"블랙b스테디,하프,폴라넥블랙"
4440027,"big,typo,hoodie,black"
4279928,"od,check,shirt,black"
4316117,"3color,코만도,워시드,피그먼트,스웻셔츠sets041"
2419002,"miller,knit,sweater,burnt,orange"
2723764,"하찌,카라,투웨이,집업,니트,6,color"
4378833,"레드,하트,로고,후드,헤더,그레이,bfusw200730055"
4319449,"boucle,classic,logo,sweater,dark,pink"
4496913,"kitty,tag,hoodie,oatmeal"
3727680,"set,thunder,브러쉬드,니트,2pack"
4319449,"boucle,classic,logo,sweater,dark,pink"
2091652,"케이블니트,코튼,스웨터,그레이"
3856743,"시티보이,빅,오버핏,빅사이즈,옥스포드,셔츠,4,color"
4319449,"boucle,classic,logo,sweater,dark,pink"
2723764,"하찌,카라,투웨이,집업,니트,6,color"
4329587,"5574,헤어리,브이넥,니트,아이보리"
1710327,"크루넥,리브,니트,스웨터블랙"
1710327,"크루넥,리브,니트,스웨터블랙"
4361219,"980g,피그먼트,맨투맨워시드,블랙"
2091652,"케이블니트,코튼,스웨터,그레이"
2091652,"케이블니트,코튼,스웨터,그레이"
4427040,"노라,투웨이,버튼,가디건,forest"
1875849,"링클프리,드레스,셔츠,화이트"
4597373,"소프트,이중직,반폴라,니트,블랙"
2419002,"miller,knit,sweater,burnt,orange"
996177,"릴렉스,핏,크루,넥,반팔,티셔츠,화이트"
3656142,"comfy케이블세미오버핏니트,7color,mykt71a3"
4361219,"980g,피그먼트,맨투맨워시드,블랙"
4265253,"plan,half,zipup,sweatshirt,black"
3777727,"cashmere,wool,crewneck,knit,light,grey"
2837412,"소프트,울,오버핏,풀오버,라운드,니트,7컬러"
2785403,"xtk036,알렌,스트라이프,모헤어,니트,blackgray"
1642887,"헤비웨이트,오버사이즈,스웨트셔츠,블랙"
4329587,"5574,헤어리,브이넥,니트,아이보리"
4361219,"980g,피그먼트,맨투맨워시드,블랙"
1875849,"링클프리,드레스,셔츠,화이트"
3650001,"릴리,부클,니트,스웨터차콜"
1710327,"크루넥,리브,니트,스웨터블랙"
4348548,"int,prty,hoodie,whitek24zb765"
4378833,"레드,하트,로고,후드,헤더,그레이,bfusw200730055"
4319472,"헤비,웨이트,피그먼트,나그랑,뒷절개,오버핏,맨투맨,챠콜"
3442679,"thunder,브러쉬드,니트,핑크"
4384143,"color,line,point,logo,knit,pullover,grey"
3539169,"워셔블,투,톤,크루넥,그래픽,니트,khaki"
4597373,"소프트,이중직,반폴라,니트,블랙"
3417707,"우먼즈,슬림,크루,넥,긴소매,티셔츠,블랙"
2419002,"miller,knit,sweater,burnt,orange"
996177,"릴렉스,핏,크루,넥,반팔,티셔츠,화이트"
3650001,"릴리,부클,니트,스웨터차콜"
4306299,"blue,chambray,work,shirt,kr,ver"
3727680,"set,thunder,브러쉬드,니트,2pack"
4421709,"피그먼트,헤비,스웨트,후디charcoal"
4468339,"2pack,grve,sweatshirt,3color,lrssctm705m"
996177,"릴렉스,핏,크루,넥,반팔,티셔츠,화이트"
3417707,"우먼즈,슬림,크루,넥,긴소매,티셔츠,블랙"
3458174,"공용,코튼,베이직,반팔티,3packmse5ts3001"
4584153,"소프트,헨리넥,라운드,긴팔,니트,블랙"
3650001,"릴리,부클,니트,스웨터차콜"
4446128,"banana,boy,hoodie,brownk24zb767"
3856743,"시티보이,빅,오버핏,빅사이즈,옥스포드,셔츠,4,color"
3302463,"심볼,에어,머슬핏,숏,슬리브"
3727680,"set,thunder,브러쉬드,니트,2pack"
4279928,"od,check,shirt,black"
4265253,"plan,half,zipup,sweatshirt,black"
2043588,"doodle,logo,hoodie,black"
3656142,"comfy케이블세미오버핏니트,7color,mykt71a3"
1599217,"램스울,크루넥,오버,니트,연차콜"
1642887,"헤비웨이트,오버사이즈,스웨트셔츠,블랙"
2705740,"오버사이즈,스웨트셔츠,블랙"
2396645,"워셔블,하찌,니트,12,color"
4265231,"그래피티,로고,후드티블랙"
4316117,"3color,코만도,워시드,피그먼트,스웻셔츠sets041"
4279928,"od,check,shirt,black"
1248490,"vintage,long,sleeve,henley,shirt,white"
4512312,"리벳,아플리케,포켓,로고,후드,10color"
3442679,"thunder,브러쉬드,니트,핑크"
2396645,"워셔블,하찌,니트,12,color"
1642887,"헤비웨이트,오버사이즈,스웨트셔츠,블랙"
2043588,"doodle,logo,hoodie,black"
4306299,"blue,chambray,work,shirt,kr,ver"
4265253,"plan,half,zipup,sweatshirt,black"
4439440,"focus,피그먼트,후드티"
4306299,"blue,chambray,work,shirt,kr,ver"
4446128,"banana,boy,hoodie,brownk24zb767"
4265231,"그래피티,로고,후드티블랙"
1599217,"램스울,크루넥,오버,니트,연차콜"
2771471,"프롬,캐시미어,하프넥,니트,블랙"
3667321,"원형,백,로고,후드티,3컬러"
4390385,"울,크롭,크루넥,스웨터,그레이"
2785403,"xtk036,알렌,스트라이프,모헤어,니트,blackgray"
4311874,"big,typo,hoodie,khaki"
3667321,"원형,백,로고,후드티,3컬러"
2771471,"프롬,캐시미어,하프넥,니트,블랙"
2043588,"doodle,logo,hoodie,black"
2771471,"프롬,캐시미어,하프넥,니트,블랙"
4384143,"color,line,point,logo,knit,pullover,grey"
4265193,"그래피티,로고,후드티그레이"
1875849,"링클프리,드레스,셔츠,화이트"
4265231,"그래피티,로고,후드티블랙"
4265261,"plan,hoodie,melange,gray"
4265255,"plan,half,zipup,sweatshirt,navy"
4371211,"스포티,트랙,세미,크롭,니트,집업,charcoal"
4320380,"set,카오스,코듀로이,오버핏,맨투맨,셋업,네이비"
2785403,"xtk036,알렌,스트라이프,모헤어,니트,blackgray"
3656142,"comfy케이블세미오버핏니트,7color,mykt71a3"
4265193,"그래피티,로고,후드티그레이"
4427040,"노라,투웨이,버튼,가디건,forest"
3667321,"원형,백,로고,후드티,3컬러"
4512312,"리벳,아플리케,포켓,로고,후드,10color"
4421709,"피그먼트,헤비,스웨트,후디charcoal"
4371211,"스포티,트랙,세미,크롭,니트,집업,charcoal"
4265255,"plan,half,zipup,sweatshirt,navy"
3451036,"스탠다드,래글런,케이블,니트,13컬러"
2305840,"te5sh08,프렌치,스트라이프,셔츠네이비"
4597373,"소프트,이중직,반폴라,니트,블랙"
4311874,"big,typo,hoodie,khaki"
3417707,"우먼즈,슬림,크루,넥,긴소매,티셔츠,블랙"
3562068,"kensington,shirt"
4439440,"focus,피그먼트,후드티"
1599217,"램스울,크루넥,오버,니트,연차콜"
2305840,"te5sh08,프렌치,스트라이프,셔츠네이비"
4265255,"plan,half,zipup,sweatshirt,navy"
2374788,"950g,솔리드,후드8,멜란지,그레이"
4421630,"피그먼트,헤비,스웨트,맨투맨6color"
4376346,"노르딕,스노우,플라워,후드니트butter"
3562068,"kensington,shirt"
2081571,"vintage,long,sleeve,henley,shirt,black"
4376346,"노르딕,스노우,플라워,후드니트butter"
3158061,"2pack,메인,스몰,로고,에어,머슬핏,숏,슬리브"
4421709,"피그먼트,헤비,스웨트,후디charcoal"
2913659,"오버핏,그래피티,로고,후디블랙"
3562068,"kensington,shirt"
4265261,"plan,hoodie,melange,gray"
2702396,"하찌,케이블,선택,워셔블,하프집업,니트12,color"
3158061,"2pack,메인,스몰,로고,에어,머슬핏,숏,슬리브"
3158061,"2pack,메인,스몰,로고,에어,머슬핏,숏,슬리브"
4186471,"빈티지,워싱,브라운,체크셔츠"
2837412,"소프트,울,오버핏,풀오버,라운드,니트,7컬러"
4265193,"그래피티,로고,후드티그레이"
3782754,"꽈배기,후드,반집업,니트gray"
4342389,"심볼,로고,트랙,폴로,맨투맨,gmt156"
2374788,"950g,솔리드,후드8,멜란지,그레이"
2396645,"워셔블,하찌,니트,12,color"
4186471,"빈티지,워싱,브라운,체크셔츠"
4312423,"l13,rugby,bold,knitbrown"
4342389,"심볼,로고,트랙,폴로,맨투맨,gmt156"
4421630,"피그먼트,헤비,스웨트,맨투맨6color"
4320380,"set,카오스,코듀로이,오버핏,맨투맨,셋업,네이비"
4427040,"노라,투웨이,버튼,가디건,forest"
2718818,"더블린,언발란스,캐시미어,블렌드,니트,클래식,차콜"
1574264,"시티,스트라이프,오버,셔츠시티블랙"
2913656,"오버핏,그래피티,로고,후디멜란지그레이"
2913659,"오버핏,그래피티,로고,후디블랙"
4384143,"color,line,point,logo,knit,pullover,grey"
2702396,"하찌,케이블,선택,워셔블,하프집업,니트12,color"
4311874,"big,typo,hoodie,khaki"
1574264,"시티,스트라이프,오버,셔츠시티블랙"
2718818,"더블린,언발란스,캐시미어,블렌드,니트,클래식,차콜"
2374788,"950g,솔리드,후드8,멜란지,그레이"
2723763,"리뉴얼,케이블,라운드,니트,9,color"
3582805,"day,hoodie,brown"
2111422,"추가,구매,할인,반폴라,모크넥,티셔츠"
2913656,"오버핏,그래피티,로고,후디멜란지그레이"
4287409,"스티치,로고,라운드,니트,핑크"
4265243,"그래피티,로고,후드티차콜"
4265243,"그래피티,로고,후드티차콜"
2723763,"리뉴얼,케이블,라운드,니트,9,color"
3498319,"크루넥,리브,오버핏,하찌,니트,8,color,one,two"
4342389,"심볼,로고,트랙,폴로,맨투맨,gmt156"
2913659,"오버핏,그래피티,로고,후디블랙"
4312423,"l13,rugby,bold,knitbrown"
3533479,"스페이스,헤비코튼,후드,딥그레이,kmhd6723"
3773867,"2pack,쿨,코튼,티셔츠,블랙화이트"
4542527,"chunky,crwneck,sweater,ivory"
4421630,"피그먼트,헤비,스웨트,맨투맨6color"
3451036,"스탠다드,래글런,케이블,니트,13컬러"
4186471,"빈티지,워싱,브라운,체크셔츠"
2305840,"te5sh08,프렌치,스트라이프,셔츠네이비"
2702396,"하찌,케이블,선택,워셔블,하프집업,니트12,color"
4390385,"울,크롭,크루넥,스웨터,그레이"
2718818,"더블린,언발란스,캐시미어,블렌드,니트,클래식,차콜"
1574264,"시티,스트라이프,오버,셔츠시티블랙"
2913656,"오버핏,그래피티,로고,후디멜란지그레이"
1144989,"베이식,긴팔,티셔츠,화이트"
2111422,"추가,구매,할인,반폴라,모크넥,티셔츠"
3773867,"2pack,쿨,코튼,티셔츠,블랙화이트"
4280139,"spray,dyeing,knit,black"
4424539,"noft,패치워크,맨투맨,네이비"
3451036,"스탠다드,래글런,케이블,니트,13컬러"
2081571,"vintage,long,sleeve,henley,shirt,black"
1706633,"커스텀핏,옥스포드,셔츠,화이트"
2723763,"리뉴얼,케이블,라운드,니트,9,color"
4320380,"set,카오스,코듀로이,오버핏,맨투맨,셋업,네이비"
3435628,"코튼,리브드,크루,넥,니트,미디엄,그레이"
4280139,"spray,dyeing,knit,black"
3435628,"코튼,리브드,크루,넥,니트,미디엄,그레이"
983339,"베이식,드레스,셔츠,화이트"
3582805,"day,hoodie,brown"
2106705,"슬레이크,후드,올리브,hhhd3397"
4280139,"spray,dyeing,knit,black"
1144989,"베이식,긴팔,티셔츠,화이트"
4325156,"하이어,브이넥,니트,멜란지브라운"
4584153,"소프트,헨리넥,라운드,긴팔,니트,블랙"
2139133,"드로우핏x깡스타일리스트,모크넥,니트,티셔츠,set"
3533482,"스페이스,헤비코튼,후드,카키,kmhd6723"
1706633,"커스텀핏,옥스포드,셔츠,화이트"
3498319,"크루넥,리브,오버핏,하찌,니트,8,color,one,two"
4376346,"노르딕,스노우,플라워,후드니트butter"
4390385,"울,크롭,크루넥,스웨터,그레이"
1248490,"vintage,long,sleeve,henley,shirt,white"
2139133,"드로우핏x깡스타일리스트,모크넥,니트,티셔츠,set"
4312423,"l13,rugby,bold,knitbrown"
4307540,"w,classic,logo,crop,sweatshirt,light,heather,gray"
4330937,"1989,배색,후드sthstd0099"
4330937,"1989,배색,후드sthstd0099"
4505375,"cdm,basic,logo,sweater,black"
3498319,"크루넥,리브,오버핏,하찌,니트,8,color,one,two"
2052956,"네로,맨투맨,네이비"
4307540,"w,classic,logo,crop,sweatshirt,light,heather,gray"
3735509,"cashmere,wool,crewneck,knit,melange,navy"
4439440,"focus,피그먼트,후드티"
1706633,"커스텀핏,옥스포드,셔츠,화이트"
3533479,"스페이스,헤비코튼,후드,딥그레이,kmhd6723"
3773867,"2pack,쿨,코튼,티셔츠,블랙화이트"
1586586,"po,heart,knitsky,blue"
2139133,"드로우핏x깡스타일리스트,모크넥,니트,티셔츠,set"
1586586,"po,heart,knitsky,blue"
3781655,"2pack라운드,피셔맨,세미,크롭,니트,11color,cooskt050"
2111422,"추가,구매,할인,반폴라,모크넥,티셔츠"
4445975,"나그랑,크루넥,코튼,스웨터,컬렉션"
4325156,"하이어,브이넥,니트,멜란지브라운"
4445975,"나그랑,크루넥,코튼,스웨터,컬렉션"
2870838,"리벳,아플리케,포켓,로고,후드,오가닉블랙"
4445975,"나그랑,크루넥,코튼,스웨터,컬렉션"
3781655,"2pack라운드,피셔맨,세미,크롭,니트,11color,cooskt050"
3435628,"코튼,리브드,크루,넥,니트,미디엄,그레이"
2081571,"vintage,long,sleeve,henley,shirt,black"
4307540,"w,classic,logo,crop,sweatshirt,light,heather,gray"
4287409,"스티치,로고,라운드,니트,핑크"
4346438,"레글런,트랙,니트,집업,black"
4330937,"1989,배색,후드sthstd0099"
4424539,"noft,패치워크,맨투맨,네이비"
4265243,"그래피티,로고,후드티차콜"
2104878,"엔비엘,로고,후드,버건디"
3886780,"2pack무지,머슬핏,반팔,5컬러"
2104878,"엔비엘,로고,후드,버건디"
4378832,"레드,하트,로고,맨투맨,헤더,그레이,bfusw001730055"
4307041,"헬로,월드,love,후드티블랙"
3533479,"스페이스,헤비코튼,후드,딥그레이,kmhd6723"
3533482,"스페이스,헤비코튼,후드,카키,kmhd6723"
2186292,"2pack,베이식,무지,레이어드,반팔,티셔츠,일반,기장"
4420587,"keep,eyes,롱,슬리브,티셔츠"
3735509,"cashmere,wool,crewneck,knit,melange,navy"
3781655,"2pack라운드,피셔맨,세미,크롭,니트,11color,cooskt050"
3444706,"tag,crewneck,black"
3877567,"crest,capsule,롱슬리브,풀오버,니트,블루"
4468339,"2pack,grve,sweatshirt,3color,lrssctm705m"
4542527,"chunky,crwneck,sweater,ivory"
2186292,"2pack,베이식,무지,레이어드,반팔,티셔츠,일반,기장"
4309109,"vsw,hairy,wave,stripe,knit,black"
4514677,"워셔블,노르딕,자카드,카라넥,2way,집업,니트,블랙"
3540248,"fw23,tlogo,hoodie,heather,grey"
4420587,"keep,eyes,롱,슬리브,티셔츠"
3533482,"스페이스,헤비코튼,후드,카키,kmhd6723"
2106705,"슬레이크,후드,올리브,hhhd3397"
1248490,"vintage,long,sleeve,henley,shirt,white"
4521033,"wmc,x,hina,락스타,후드charcoal,grey"
3735509,"cashmere,wool,crewneck,knit,melange,navy"
728000,"베이식,옥스포드,셔츠,화이트"
4343184,"니티드x깡스타일리스트,코튼,미니멀,라운드,니트,brown"
3833442,"캐시팝,트위드,크루넥,니트,월넛브라운"
3530581,"vsw,hairy,wave,stripe,knit,navy"
3530581,"vsw,hairy,wave,stripe,knit,navy"
4330179,"cgp,스몰,스퀘어,로고,스트라이프,럭비,맨투맨버건디"
4384145,"color,line,point,logo,knit,pullover,black"
4343184,"니티드x깡스타일리스트,코튼,미니멀,라운드,니트,brown"
4389518,"헤어리,알파카,블렌드,크루넥,스웨터,멜란지그레이"
3877567,"crest,capsule,롱슬리브,풀오버,니트,블루"
3603134,"스트라이프,멀티,니트,네이비"
728000,"베이식,옥스포드,셔츠,화이트"
3886780,"2pack무지,머슬핏,반팔,5컬러"
2106705,"슬레이크,후드,올리브,hhhd3397"
4343184,"니티드x깡스타일리스트,코튼,미니멀,라운드,니트,brown"
4390380,"울,크롭,크루넥,스웨터,블랙"
983339,"베이식,드레스,셔츠,화이트"
2314617,"에센셜,후드,스웻,셔츠,black"
4501837,"frill,layered,long,sleeve,black"
4424539,"noft,패치워크,맨투맨,네이비"
4346438,"레글런,트랙,니트,집업,black"
2186292,"2pack,베이식,무지,레이어드,반팔,티셔츠,일반,기장"
4451137,"classic,logo,embroidery,hoodie,brushed,oatmeal"
4307041,"헬로,월드,love,후드티블랙"
1144989,"베이식,긴팔,티셔츠,화이트"
3603134,"스트라이프,멀티,니트,네이비"
4483616,"tcm,starfish,mini,logo,mohair,knit,charcoal"
2104878,"엔비엘,로고,후드,버건디"
4325156,"하이어,브이넥,니트,멜란지브라운"
3782754,"꽈배기,후드,반집업,니트gray"
4291462,"레드,하트,로고,반소매,티셔츠,화이트,bfuts001724100"
4406512,"shirring,tennis,shirt,navygreen,stripe"
2314617,"에센셜,후드,스웻,셔츠,black"
2870838,"리벳,아플리케,포켓,로고,후드,오가닉블랙"
3530581,"vsw,hairy,wave,stripe,knit,navy"
4526960,"시티,플러피,그래픽,후디melange,white"
3540248,"fw23,tlogo,hoodie,heather,grey"
4307041,"헬로,월드,love,후드티블랙"
4483616,"tcm,starfish,mini,logo,mohair,knit,charcoal"
3549188,"oversize,velour,vneck,ls,teegrey"
3603134,"스트라이프,멀티,니트,네이비"
2690691,"무지,머슬핏,반팔,13컬러"
4430476,"미니,스타,후디블랙"
4521033,"wmc,x,hina,락스타,후드charcoal,grey"
4378832,"레드,하트,로고,맨투맨,헤더,그레이,bfusw001730055"
2314617,"에센셜,후드,스웻,셔츠,black"
3083790,"아크,롤링,오버핏,기모,후드,5종,네이비,sohd2469"
1498105,"커스텀핏,데님,셔츠,블루"
3886780,"2pack무지,머슬핏,반팔,5컬러"
4346438,"레글런,트랙,니트,집업,black"
1498105,"커스텀핏,데님,셔츠,블루"
4287409,"스티치,로고,라운드,니트,핑크"
2052956,"네로,맨투맨,네이비"
3877567,"crest,capsule,롱슬리브,풀오버,니트,블루"
3907161,"ifeelbluecsm,hoodie,4color"
4309109,"vsw,hairy,wave,stripe,knit,black"
1586586,"po,heart,knitsky,blue"
728000,"베이식,옥스포드,셔츠,화이트"
4249939,"레드,하트,로고,맨투맨,블루,usw001730491"
4389518,"헤어리,알파카,블렌드,크루넥,스웨터,멜란지그레이"
3782754,"꽈배기,후드,반집업,니트gray"
4451137,"classic,logo,embroidery,hoodie,brushed,oatmeal"
4389518,"헤어리,알파카,블렌드,크루넥,스웨터,멜란지그레이"
1498105,"커스텀핏,데님,셔츠,블루"
4291462,"레드,하트,로고,반소매,티셔츠,화이트,bfuts001724100"
4249939,"레드,하트,로고,맨투맨,블루,usw001730491"
4390380,"울,크롭,크루넥,스웨터,블랙"
345889,"2pack,더블코튼,무지반팔,2pack,khst1011"
4521033,"wmc,x,hina,락스타,후드charcoal,grey"
4330179,"cgp,스몰,스퀘어,로고,스트라이프,럭비,맨투맨버건디"
2183910,"코듀로이,라쿠로고,오버후드그린"
2184371,"마일드,보카시,크루넥,스웨터,오버핏,니트,블랙"
4249939,"레드,하트,로고,맨투맨,블루,usw001730491"
4451137,"classic,logo,embroidery,hoodie,brushed,oatmeal"
4542527,"chunky,crwneck,sweater,ivory"
3907161,"ifeelbluecsm,hoodie,4color"
4353527,"angeldem,오버핏,후드,티셔츠,6,colors,기모"
2518417,"2pack,30수,스몰로고,반팔티,jp5tsu159bk"
2518417,"2pack,30수,스몰로고,반팔티,jp5tsu159bk"
3549188,"oversize,velour,vneck,ls,teegrey"
4309109,"vsw,hairy,wave,stripe,knit,black"
2690691,"무지,머슬핏,반팔,13컬러"
3448767,"인텔리,코튼,크루넥,니트,네이비"
2313388,"90s,트랙,스웨트셔츠그레이"
4390380,"울,크롭,크루넥,스웨터,블랙"
4406512,"shirring,tennis,shirt,navygreen,stripe"
345889,"2pack,더블코튼,무지반팔,2pack,khst1011"
4420587,"keep,eyes,롱,슬리브,티셔츠"
3540248,"fw23,tlogo,hoodie,heather,grey"
4514677,"워셔블,노르딕,자카드,카라넥,2way,집업,니트,블랙"
3511387,"3stars,logo,knit,hoodieivoryng2dfuk610a"
3549188,"oversize,velour,vneck,ls,teegrey"
345889,"2pack,더블코튼,무지반팔,2pack,khst1011"
3544148,"2pack,el,스트리트,아트워크,오버핏,후드티,2종,패키지"
3083790,"아크,롤링,오버핏,기모,후드,5종,네이비,sohd2469"
3521259,"노마드,헤어리,니트,black"
4384145,"color,line,point,logo,knit,pullover,black"
3907161,"ifeelbluecsm,hoodie,4color"
2870838,"리벳,아플리케,포켓,로고,후드,오가닉블랙"
1615822,"로그,오버핏,기모,후드,블랙,yhhd2302"
4430476,"미니,스타,후디블랙"
2690691,"무지,머슬핏,반팔,13컬러"
2406919,"white,collection,커스텀핏,클래식,옥스포드,셔츠,화이트"
2183910,"코듀로이,라쿠로고,오버후드그린"
3026606,"오버핏,그래피티,로고,후디오트밀"
2775713,"워셔블,하프,집업,카라넥,하찌,니트,pure,black"
3481226,"힛탠다드,크루,넥,긴팔,티셔츠,화이트"
3511387,"3stars,logo,knit,hoodieivoryng2dfuk610a"
1639444,"우먼즈,텐셀,슬림,터틀,넥,티셔츠,크림"
3511387,"3stars,logo,knit,hoodieivoryng2dfuk610a"
4378832,"레드,하트,로고,맨투맨,헤더,그레이,bfusw001730055"
3521259,"노마드,헤어리,니트,black"
4403500,"tlogo,crewneck,heather,grey"
1615822,"로그,오버핏,기모,후드,블랙,yhhd2302"
2406919,"white,collection,커스텀핏,클래식,옥스포드,셔츠,화이트"
4316115,"코만도,워시드,피그먼트,스웻셔츠,dgraysets041dgray"
4384145,"color,line,point,logo,knit,pullover,black"
3026606,"오버핏,그래피티,로고,후디오트밀"
4403500,"tlogo,crewneck,heather,grey"
2328113,"스몰아치,스웨트셔츠블랙"
3833442,"캐시팝,트위드,크루넥,니트,월넛브라운"
3083790,"아크,롤링,오버핏,기모,후드,5종,네이비,sohd2469"
3026606,"오버핏,그래피티,로고,후디오트밀"
2144379,"set,로럴골든,후드티,조거팬츠,셋업8color"
2065703,"laundry,shirt,white"
4371209,"스포티,트랙,세미,크롭,니트,집업,brown"
4403500,"tlogo,crewneck,heather,grey"
4584153,"소프트,헨리넥,라운드,긴팔,니트,블랙"
3481226,"힛탠다드,크루,넥,긴팔,티셔츠,화이트"
4385991,"우먼캐시미어,100,홀가먼트,니트,10,color"
4406512,"shirring,tennis,shirt,navygreen,stripe"
3435627,"코튼,리브드,크루,넥,니트,블랙"
2406919,"white,collection,커스텀핏,클래식,옥스포드,셔츠,화이트"
4320382,"set,카오스,코듀로이,오버핏,맨투맨,셋업,오트밀"
4385991,"우먼캐시미어,100,홀가먼트,니트,10,color"
4330179,"cgp,스몰,스퀘어,로고,스트라이프,럭비,맨투맨버건디"
4371209,"스포티,트랙,세미,크롭,니트,집업,brown"
3448767,"인텔리,코튼,크루넥,니트,네이비"
3521259,"노마드,헤어리,니트,black"
3758301,"릴렉스드,워시드,포플린,셔츠,화이트"
1615822,"로그,오버핏,기모,후드,블랙,yhhd2302"
2775713,"워셔블,하프,집업,카라넥,하찌,니트,pure,black"
2065703,"laundry,shirt,white"
3481226,"힛탠다드,크루,넥,긴팔,티셔츠,화이트"
3758301,"릴렉스드,워시드,포플린,셔츠,화이트"
2183910,"코듀로이,라쿠로고,오버후드그린"
983339,"베이식,드레스,셔츠,화이트"
2192072,"miller,knit,sweater,navy"
4620865,"premier,cru,wool,eleven,knit,natural,brown"
4620865,"premier,cru,wool,eleven,knit,natural,brown"
2065703,"laundry,shirt,white"
4527007,"시티,스내피,그래픽,스웨트,셔츠melange,white"
4620865,"premier,cru,wool,eleven,knit,natural,brown"
2192072,"miller,knit,sweater,navy"
4316115,"코만도,워시드,피그먼트,스웻셔츠,dgraysets041dgray"
1139101,"화란,세미오버,니트,크림"
3448767,"인텔리,코튼,크루넥,니트,네이비"
3539913,"2way,헤비웨이트,케이블,니트,후드,집업오트밀"
4505375,"cdm,basic,logo,sweater,black"
2374814,"950g,솔리드,후드딥,블랙"
4446306,"아모어,더플,노르딕,울,카디건sky,breeze"
2144379,"set,로럴골든,후드티,조거팬츠,셋업8color"
3793808,"2pack빅사이즈,베이직핏,소프트테리,스웨트,후드티셔츠"
3435627,"코튼,리브드,크루,넥,니트,블랙"
4320382,"set,카오스,코듀로이,오버핏,맨투맨,셋업,오트밀"
2518417,"2pack,30수,스몰로고,반팔티,jp5tsu159bk"
4320382,"set,카오스,코듀로이,오버핏,맨투맨,셋업,오트밀"
2144379,"set,로럴골든,후드티,조거팬츠,셋업8color"
4464083,"인텔리,코튼,크루넥,니트,올리브,카키"
2287393,"signature,standard,hoodie,black"
3476408,"플러,반,집업,카라,스웻,블랙"
2313388,"90s,트랙,스웨트셔츠그레이"
4277692,"novichi,hoodie,black"
